symbol,display_symbol,name_en,name_local,sector,description,price,rsi,high_52w,low_52w,from_high_pct,volume_ratio,trailing_pe,target_price,upside_pct,trend,trend_score,ma_60,diff_60,near_60,ma_120,diff_120,near_120,ma_240,diff_240,near_240,composite_score,near_count
000660.KS,000660,SK Hynix,SK하이닉스,반도체,D램·낸드플래시 메모리 세계 2위,1222000.0,67.9,1225000.0,172794.0,-0.2,0.72,,1661259.0,35.9,Strong Uptrend,5,964213.0,26.74,False,790819.0,54.52,False,538990.0,126.72,False,45.0,0
010140.KS,010140,Samsung Heavy Industries,삼성중공업,조선,삼성 계열 조선사,34400.0,73.3,34400.0,13990.0,0.0,1.9,,35913.0,4.4,Strong Uptrend,5,28373.0,21.24,False,27458.0,25.28,False,23226.0,48.11,False,17.0,0
006400.KS,006400,Samsung SDI,삼성SDI,배터리,전기차 배터리·ESS,641000.0,79.0,659000.0,160200.0,-2.7,0.8,,478834.0,-25.3,Strong Uptrend,5,430033.0,49.06,False,366804.0,74.75,False,281988.0,127.31,False,5.0,0
028260.KS,028260,Samsung C&T,삼성물산,지주·건설,"삼성그룹 지주 역할, 건설·상사",311500.0,57.0,360000.0,112376.0,-13.5,0.76,,373750.0,20.0,Strong Uptrend,5,298250.0,4.44,False,271134.0,14.89,False,219177.0,42.12,False,63.0,0
018260.KS,018260,Samsung SDS,삼성SDS,IT서비스,삼성그룹 IT서비스·물류 BPO,169800.0,52.5,195000.0,112752.0,-12.9,1.84,,212500.0,25.1,Downtrend,2,166400.0,2.04,False,168877.0,0.55,True,161093.0,5.4,False,62.0,1
009150.KS,009150,Samsung Electro-Mechanics,삼성전기,전자부품,MLCC·카메라모듈·반도체 패키지기판,788000.0,79.5,812000.0,116137.0,-3.0,0.76,,642889.0,-18.4,Strong Uptrend,5,446233.0,76.59,False,349245.0,125.63,False,251815.0,212.93,False,5.0,0
000810.KS,000810,Samsung Fire & Marine,삼성화재,보험,국내 1위 손해보험,456000.0,44.5,604929.0,328870.0,-24.6,1.27,,617028.0,35.3,Neutral,3,479902.0,-4.98,False,474325.0,-3.86,False,446685.0,2.09,False,52.0,0
032830.KS,032830,Samsung Life Insurance,삼성생명,보험,국내 1위 생명보험,244500.0,54.4,258000.0,74682.0,-5.2,0.89,,242422.0,-0.8,Strong Uptrend,5,220068.0,11.1,False,187494.0,30.4,False,156748.0,55.98,False,35.0,0
034730.KS,034730,SK Inc.,SK,지주사,"SK그룹 지주, ICT·에너지·바이오",398500.0,67.6,414037.0,117140.0,-3.8,1.49,,440000.0,10.4,Strong Uptrend,5,342544.0,16.34,False,301539.0,32.16,False,246354.0,61.76,False,31.0,0
096770.KS,096770,SK Innovation,SK이노베이션,에너지·화학,정유·화학·배터리 소재,132900.0,64.7,137700.0,81100.0,-3.5,0.82,,118333.0,-11.0,Strong Uptrend,5,118600.0,12.06,False,115679.0,14.89,False,110166.0,20.64,False,35.0,0
373220.KS,373220,LG Energy Solution,LG에너지솔루션,배터리,전기차 배터리 세계 2위,481000.0,68.3,514000.0,268000.0,-6.4,0.83,,490500.0,2.0,Uptrend,4,401275.0,19.87,False,410838.0,17.08,False,377715.0,27.34,False,16.0,0
017670.KS,017670,SK Telecom,SK텔레콤,통신,국내 1위 이동통신,100000.0,68.8,100500.0,49139.0,-0.5,0.78,,82144.0,-17.9,Strong Uptrend,5,81282.0,23.03,False,67791.0,47.51,False,60847.0,64.35,False,15.0,0
051910.KS,051910,LG Chem,LG화학,화학·배터리,배터리 분사 후 석유화학·첨단소재,391500.0,68.6,416819.0,181234.0,-6.1,0.93,,416200.0,6.3,Uptrend,4,330351.0,18.51,False,345723.0,13.24,False,303911.0,28.82,False,19.0,0
066570.KS,066570,LG Electronics,LG전자,전자·가전,가전·TV·차량부품·B2B,127500.0,59.5,145587.0,66947.0,-12.4,1.06,,130600.0,2.4,Strong Uptrend,5,115465.0,10.42,False,103669.0,22.99,False,89511.0,42.44,False,48.0,0
032640.KS,032640,LG Uplus,LG유플러스,통신,이동통신·초고속인터넷·IPTV,16600.0,52.6,17600.0,10276.0,-5.7,0.54,,18621.0,12.2,Strong Uptrend,5,15891.0,4.46,False,15337.0,8.23,False,14546.0,14.12,False,51.0,0
003550.KS,003550,LG Corporation,LG,지주사,LG그룹 지주회사,96000.0,58.7,105159.0,59276.0,-8.7,0.67,,107000.0,11.5,Strong Uptrend,5,91251.0,5.2,False,86062.0,11.55,False,79532.0,20.71,False,51.0,0
005380.KS,005380,Hyundai Motor,현대자동차,자동차,"국내 1위 완성차, 전기차 전환 중",513000.0,50.9,674000.0,170719.0,-23.9,1.3,,641336.0,25.0,Strong Uptrend,5,510704.0,0.45,True,412757.0,24.29,False,309935.0,65.52,False,67.0,1
000270.KS,000270,Kia Corporation,기아,자동차,"현대차 계열 완성차, 글로벌 디자인",153400.0,47.8,197337.0,78552.0,-22.3,1.06,,219833.0,43.3,Uptrend,4,156760.0,-2.14,False,138390.0,10.85,False,117359.0,30.71,False,65.0,0
001450.KS,001450,Hyundai Marine & Fire,현대해상,보험,현대차 계열 손해보험,30550.0,50.5,38800.0,20550.0,-21.3,0.72,,36641.0,19.9,Uptrend,4,31045.0,-1.59,True,29990.0,1.87,True,28236.0,8.2,False,65.0,2
000100.KS,000100,Yuhan Corporation,유한양행,제약,"국내 대형 제약사, 레이저티닙 개발",94800.0,45.5,135080.0,91400.0,-29.8,0.9,,143368.0,51.2,Strong Downtrend,0,100991.0,-6.13,False,107745.0,-12.01,False,110121.0,-13.91,False,41.0,0
068270.KS,068270,Celltrion,셀트리온,바이오,항체 바이오시밀러 세계 1위,209000.0,54.9,248500.0,145353.0,-15.9,1.01,,260348.0,24.6,Neutral,3,212000.0,-1.42,True,201193.0,3.88,False,184279.0,13.41,False,55.0,1
012330.KS,012330,Hyundai Mobis,현대모비스,자동차부품,현대·기아 핵심 부품 계열사,422500.0,51.7,522849.0,230595.0,-19.2,1.73,,551931.0,30.6,Neutral,3,423012.0,-0.12,True,386596.0,9.29,False,336880.0,25.42,False,68.0,1
207940.KS,207940,Samsung Biologics,삼성바이오로직스,바이오·CMO,글로벌 바이오 CDMO,1528000.0,42.3,1965000.0,1504000.0,-22.2,1.24,,2200579.0,44.0,Strong Downtrend,1,1634733.0,-6.53,False,1710639.0,-10.68,False,1656472.0,-7.76,False,40.0,0
128940.KS,128940,Hanmi Pharmaceutical,한미약품,제약,"국내 제약 R&D 선도, 신약 수출",497500.0,45.8,623720.0,233646.0,-20.2,0.89,,559333.0,12.4,Uptrend,4,529443.0,-6.03,False,487071.0,2.14,False,395287.0,25.86,False,51.0,0
006280.KS,006280,Green Cross Holdings,GC녹십자,제약·혈액제제,"혈액제제 1위, 백신",142900.0,45.3,178509.0,114848.0,-19.9,1.09,,205400.0,43.7,Neutral,3,153548.0,-6.93,False,149512.0,-4.42,False,140228.0,1.91,True,63.0,1
035420.KS,035420,NAVER Corporation,NAVER,인터넷·플랫폼,국내 1위 검색 포털·클라우드,214000.0,51.1,287480.0,180801.0,-25.6,0.66,,305880.0,42.9,Strong Downtrend,1,228764.0,-6.45,False,238606.0,-10.31,False,232918.0,-8.12,False,47.0,0
035720.KS,035720,Kakao Corp.,카카오,인터넷·플랫폼,카카오톡 기반 플랫폼·핀테크,48050.0,46.0,70301.0,36399.0,-31.7,0.84,,73520.0,53.0,Strong Downtrend,1,52492.0,-8.46,False,56274.0,-14.61,False,56051.0,-14.27,False,41.0,0
251270.KS,251270,Netmarble,넷마블,게임,모바일 게임 글로벌 퍼블리셔,50400.0,47.7,66962.0,40276.0,-24.7,0.82,,71262.0,41.4,Downtrend,2,52186.0,-3.42,False,51378.0,-1.9,True,54330.0,-7.23,False,57.0,1
036570.KS,036570,NCsoft Corporation,엔씨소프트,게임,리니지·블레이드&소울 MMORPG,270500.0,65.8,275000.0,135121.0,-1.6,0.72,,284043.0,5.0,Strong Uptrend,5,226957.0,19.19,False,220467.0,22.69,False,206687.0,30.87,False,25.0,0
293490.KS,293490,Krafton,크래프톤,게임,배틀그라운드(PUBG) 개발사,12350.0,44.8,23500.0,11510.0,-47.4,0.58,,,,Strong Downtrend,0,13862.0,-10.91,False,14731.0,-16.16,False,15605.0,-20.86,False,4.0,0
352820.KS,352820,HYBE Co.,하이브,엔터테인먼트,BTS 소속 K-POP 최대 기획사,252000.0,35.9,403928.0,222685.0,-37.6,0.56,,416077.0,65.1,Downtrend,2,328104.0,-23.2,False,322195.0,-21.79,False,301734.0,-16.48,False,40.0,0
041510.KS,041510,SM Entertainment,SM엔터테인먼트,엔터테인먼트,EXO·aespa K-POP 기획사,93200.0,51.0,148935.0,83000.0,-37.4,0.81,,,,Strong Downtrend,0,100717.0,-7.46,False,105365.0,-11.55,False,118369.0,-21.26,False,15.0,0
035900.KS,035900,JYP Entertainment,JYP엔터테인먼트,엔터테인먼트,TWICE·Stray Kids K-POP 기획사,63500.0,53.7,83841.0,57308.0,-24.3,0.95,,,,Strong Downtrend,0,65068.0,-2.41,False,67271.0,-5.61,False,70490.0,-9.92,False,21.0,0
122870.KS,122870,YG Entertainment,YG엔터테인먼트,엔터테인먼트,BLACKPINK·BIGBANG K-POP 기획사,54600.0,47.4,106900.0,49900.0,-48.9,0.36,,,,Strong Downtrend,0,62548.0,-12.71,False,64770.0,-15.7,False,77126.0,-29.21,False,11.0,0
105560.KS,105560,KB Financial Group,KB금융,금융지주,국민은행 계열 종합금융그룹,157400.0,54.3,167184.0,72666.0,-5.9,1.0,,191500.0,21.7,Strong Uptrend,5,151987.0,3.56,False,138514.0,13.63,False,122940.0,28.03,False,57.0,0
316140.KS,316140,Woori Financial Group,우리금융지주,금융지주,우리은행 계열 종합금융그룹,35050.0,56.9,40005.0,15149.0,-12.4,0.89,,39583.0,12.9,Strong Uptrend,5,33808.0,3.67,False,30305.0,15.66,False,26438.0,32.57,False,57.0,0
086790.KS,086790,Hana Financial Group,하나금융지주,금융지주,하나은행 계열 종합금융그룹,123300.0,62.4,129877.0,52946.0,-5.1,1.04,,137000.0,11.1,Strong Uptrend,5,114874.0,7.33,False,103667.0,18.94,False,91859.0,34.23,False,51.0,0
024110.KS,024110,Industrial Bank of Korea,기업은행,은행,중소기업 전문 국책은행,22350.0,50.5,27279.0,13367.0,-18.1,0.65,,23412.0,4.8,Uptrend,4,22626.0,-1.22,True,21134.0,5.75,False,19369.0,15.39,False,46.0,1
055550.KS,055550,Shinhan Financial Group,신한지주,금융지주,신한은행 계열 종합금융그룹,100000.0,60.6,105090.0,44465.0,-4.8,1.05,,119870.0,19.9,Strong Uptrend,5,94196.0,6.16,False,85878.0,16.44,False,74602.0,34.04,False,57.0,0
016360.KS,016360,Samsung Securities,삼성증권,증권,삼성그룹 계열 대형 증권사,111600.0,62.2,114500.0,41512.0,-2.5,0.68,,122667.0,9.9,Strong Uptrend,5,99408.0,12.26,False,87963.0,26.87,False,76557.0,45.77,False,45.0,0
047050.KS,047050,Korea Investment Holdings,한국금융지주,금융지주,한국투자증권 계열 금융지주,81300.0,60.8,85100.0,44535.0,-4.5,0.71,,87000.0,7.0,Strong Uptrend,5,71935.0,13.02,False,62503.0,30.07,False,55749.0,45.83,False,45.0,0
005490.KS,005490,POSCO Holdings,POSCO홀딩스,철강·소재,"국내 1위 철강, 이차전지 소재",415000.0,69.2,421500.0,225903.0,-1.5,0.73,,433500.0,4.5,Strong Uptrend,5,362716.0,14.41,False,338417.0,22.63,False,308043.0,34.72,False,22.0,0
004020.KS,004020,Hyundai Steel,현대제철,철강,"현대차 계열 철강, 전기로·고로",42500.0,65.0,45836.0,22080.0,-7.3,3.06,,45453.0,6.9,Strong Uptrend,5,35776.0,18.79,False,33220.0,27.93,False,32366.0,31.31,False,30.0,0
010130.KS,010130,Korea Zinc,고려아연,비철금속,아연 세계 1위 제련·이차전지 소재,1642000.0,51.9,2115000.0,668456.0,-22.4,0.55,,1885000.0,14.8,Uptrend,4,1673600.0,-1.89,True,1475299.0,11.3,False,1167014.0,40.7,False,55.0,1
006800.KS,006800,Mirae Asset Securities,미래에셋증권,증권,"국내 1위 증권사, 해외 진출",66900.0,50.8,72747.0,8955.0,-8.0,0.55,,64953.0,-2.9,Strong Uptrend,5,62201.0,7.55,False,43307.0,54.48,False,31141.0,114.83,False,35.0,0
011780.KS,011780,Kumho Petrochem,금호석유,화학,합성고무·합성수지 전문,133400.0,52.4,153400.0,102163.0,-13.0,1.07,,165067.0,23.7,Uptrend,4,133345.0,0.04,True,127726.0,4.44,False,120091.0,11.08,False,61.0,1
011170.KS,011170,Lotte Chemical,롯데케미칼,화학,기초화학·첨단소재,96700.0,67.2,96700.0,55630.0,0.0,1.67,,92765.0,-4.1,Strong Uptrend,5,82505.0,17.21,False,78081.0,23.85,False,71040.0,36.12,False,20.0,0
042660.KS,042660,Hanwha Ocean,한화오션,조선,"전 대우조선해양, 잠수함·LNG선",134900.0,57.4,149900.0,73100.0,-10.0,0.78,,161900.0,20.0,Uptrend,4,130947.0,3.02,False,127421.0,5.87,False,112176.0,20.26,False,57.0,0
009540.KS,009540,HD Hyundai Heavy Industries,HD현대중공업,조선,세계 1위 조선사 계열,476000.0,71.4,476000.0,214785.0,0.0,1.17,,566812.0,19.1,Downtrend,2,405193.0,17.47,False,413056.0,15.24,False,383316.0,24.18,False,9.0,0
000720.KS,000720,Hyundai E&C,현대건설,건설,국내 1위 건설사,173000.0,55.4,188700.0,37999.0,-8.3,0.54,,180316.0,4.2,Strong Uptrend,5,146848.0,17.81,False,110411.0,56.69,False,86493.0,100.02,False,42.0,0
006360.KS,006360,GS Engineering & Construction,GS건설,건설,GS그룹 건설 계열사,40750.0,65.2,43100.0,15960.0,-5.5,0.43,,34278.0,-15.9,Strong Uptrend,5,26363.0,54.57,False,22528.0,80.89,False,21005.0,94.0,False,15.0,0
272210.KS,272210,Hanwha Systems,한화시스템,방산·IT,방산 전자·ICT 서비스,130400.0,50.1,162104.0,35569.0,-19.6,0.56,,86875.0,-33.4,Strong Uptrend,5,124488.0,4.75,False,91902.0,41.89,False,72584.0,79.65,False,41.0,0
047810.KS,047810,Korea Aerospace Industries,한국항공우주,항공우주·방산,국산 전투기(KF-21)·헬기 제조,171400.0,40.1,201420.0,76380.0,-14.9,4.5,,188905.0,10.2,Uptrend,4,179189.0,-4.35,False,149574.0,14.59,False,121554.0,41.01,False,49.0,0
079550.KS,079550,LIG Nex1,LIG넥스원,방산,미사일·레이더 방산 전문,989000.0,65.0,1020000.0,267920.0,-3.0,0.67,,791000.0,-20.0,Strong Uptrend,5,682141.0,44.98,False,562441.0,75.84,False,530449.0,86.45,False,15.0,0
034020.KS,034020,Doosan Enerbility,두산에너빌리티,에너지기계,원자력·가스터빈 발전설비,127100.0,74.0,127100.0,23350.0,0.0,1.46,,123105.0,-3.1,Strong Uptrend,5,100270.0,26.76,False,90716.0,40.11,False,75026.0,69.41,False,5.0,0
000150.KS,000150,Doosan Corporation,두산,지주·방산,"두산그룹 지주, 로봇·방산",1541000.0,71.7,1541000.0,269528.0,0.0,0.97,,1521000.0,-1.3,Strong Uptrend,5,1110712.0,38.74,False,987265.0,56.09,False,776105.0,98.56,False,5.0,0
030200.KS,030200,KT Corporation,KT,통신,"유선·무선통신, IPTV, 클라우드",61700.0,50.5,68289.0,45807.0,-9.6,0.84,,72026.0,16.7,Strong Uptrend,5,60646.0,1.74,True,55901.0,10.37,False,53684.0,14.93,False,61.0,1
010950.KS,010950,S-Oil,S-Oil,정유,"국내 3위 정유, 아람코 계열",119400.0,55.2,140862.0,50443.0,-15.2,0.73,,123056.0,3.1,Strong Uptrend,5,112195.0,6.42,False,97717.0,22.19,False,79001.0,51.14,False,48.0,0
015760.KS,015760,Korea Electric Power (KEPCO),한국전력,유틸리티,국내 전력 공급 독점 공기업,46200.0,51.8,67900.0,22414.0,-32.0,0.63,,65500.0,41.8,Neutral,3,50943.0,-9.31,False,50223.0,-8.01,False,42206.0,9.46,False,53.0,0
001040.KS,001040,CJ Corporation,CJ,지주사,식품·물류·바이오·엔터 지주,218000.0,61.6,228229.0,111655.0,-4.5,0.7,,240000.0,10.1,Strong Uptrend,5,201336.0,8.28,False,188140.0,15.87,False,171840.0,26.86,False,51.0,0
097950.KS,097950,CJ CheilJedang,CJ제일제당,식품·바이오,식품 1위·바이오 아미노산 세계 1위,236000.0,59.0,264035.0,190000.0,-10.6,0.52,,275375.0,16.7,Uptrend,4,217955.0,8.28,False,215286.0,9.62,False,225473.0,4.67,False,57.0,0
139480.KS,139480,E-MART,이마트,유통,국내 1위 할인마트,105400.0,65.2,124345.0,69384.0,-15.2,0.88,,130615.0,23.9,Strong Uptrend,5,97203.0,8.43,False,88116.0,19.62,False,84726.0,24.4,False,43.0,0
021240.KS,021240,Coway,코웨이,가전·렌탈,정수기·공기청정기 렌탈 1위,85900.0,67.6,110132.0,68881.0,-22.0,2.21,,117091.0,36.3,Strong Downtrend,1,77399.0,10.98,False,80411.0,6.83,False,88392.0,-2.82,False,32.0,0
000080.KS,000080,Hite Jinro,하이트진로,식품·음료,소주 1위(참이슬)·맥주(테라),17180.0,52.0,22000.0,16280.0,-21.9,0.63,,22556.0,31.3,Strong Downtrend,0,17235.0,-0.32,True,17909.0,-4.07,False,18840.0,-8.81,False,45.0,1
282330.KS,282330,BGF Retail,BGF리테일,유통,CU 편의점 운영,134500.0,53.7,147800.0,96035.0,-9.0,0.64,,155556.0,15.7,Strong Uptrend,5,126726.0,6.13,False,116363.0,15.59,False,112954.0,19.08,False,57.0,0
033780.KS,033780,KT&G,KT&G,담배·건강기능식품,"국내 1위 담배, 인삼공사 계열",176200.0,70.9,176200.0,101841.0,0.0,1.07,,193000.0,9.5,Strong Uptrend,5,160506.0,9.78,False,149581.0,17.8,False,138212.0,27.49,False,15.0,0
007070.KS,007070,GS Retail,GS리테일,유통,GS25 편의점·홈쇼핑,23300.0,60.3,23700.0,13272.0,-1.7,0.52,,24644.0,5.8,Strong Uptrend,5,21341.0,9.18,False,20921.0,11.37,False,18430.0,26.42,False,45.0,0
003490.KS,003490,Korean Air Lines,대한항공,항공,"국내 1위 항공사, 아시아나 합병",24850.0,52.5,28092.0,19553.0,-11.5,0.57,,30846.0,24.1,Strong Uptrend,5,24177.0,2.78,False,22949.0,8.28,False,22778.0,9.1,False,63.0,0
011200.KS,011200,HMM,HMM,해운,국내 1위 컨테이너 해운,21100.0,54.3,25175.0,17569.0,-16.2,1.11,,21667.0,2.7,Uptrend,4,20727.0,1.8,True,20101.0,4.97,False,20899.0,0.96,True,50.0,2
011040.KS,011040,CJ Logistics,CJ대한통운,물류,국내 1위 택배·물류,5630.0,56.8,6030.0,5286.0,-6.6,0.66,,,,Strong Downtrend,1,5579.0,0.91,True,5619.0,0.2,True,5633.0,-0.05,True,33.0,3
161390.KS,161390,Hankook Tire & Tech,한국타이어앤테크놀로지,타이어,국내 1위 타이어 제조,62700.0,56.4,73937.0,35852.0,-15.2,0.84,,76188.0,21.5,Strong Uptrend,5,61394.0,2.13,False,59204.0,5.91,False,49376.0,26.98,False,63.0,0
088350.KS,088350,Hanwha Life Insurance,한화생명,보험,한화그룹 생명보험 계열사,4965.0,55.5,6600.0,2440.0,-24.8,1.21,,4570.0,-8.0,Strong Uptrend,5,4630.0,7.24,False,3884.0,27.83,False,3546.0,40.02,False,41.0,0
402340.KS,402340,"SK Square Co., Ltd.","SK Square Co., Ltd.",기술,"SK Square Co., Ltd. invests in semiconductor, and information and communication technologies in South Korea, China, Asia",725000.0,68.8,728000.0,81700.0,-0.4,0.65,,743333.0,2.5,Strong Uptrend,5,576283.0,25.81,False,456562.0,58.8,False,309673.0,134.12,False,22.0,0
005935.KS,005935,"Samsung Electronics Co., Ltd.","Samsung Electronics Co., Ltd.",기술,"Samsung Electronics Co., Ltd. engages in the consumer electronics, information technology and mobile communications, and",153700.0,63.4,156200.0,43595.0,-1.6,0.9,,214400.0,39.5,Strong Uptrend,5,131755.0,16.66,False,109324.0,40.59,False,82567.0,86.15,False,65.0,0
329180.KS,329180,"HD Hyundai Heavy Industries Co., Ltd.","HD Hyundai Heavy Industries Co., Ltd.",산업재,"HD Hyundai Heavy Industries Co., Ltd., together with its subsidiaries, engages in the shipbuilding business in South Kor",671000.0,75.9,671000.0,338857.0,0.0,1.12,,789227.0,17.6,Downtrend,2,544832.0,23.16,False,551727.0,21.62,False,503858.0,33.17,False,9.0,0
267260.KS,267260,"HD Hyundai Electric Co., Ltd.","HD Hyundai Electric Co., Ltd.",산업재,"HD Hyundai Electric Co., Ltd. manufactures and sells electrical equipment in South Korea, North America, rest of Asia, t",1248000.0,75.8,1248000.0,290425.0,0.0,1.95,,1107301.0,-11.3,Strong Uptrend,5,965092.0,29.31,False,899260.0,38.78,False,696810.0,79.1,False,10.0,0
298040.KS,298040,Hyosung Heavy Industries Corporation,Hyosung Heavy Industries Corporation,산업재,Hyosung Heavy Industries Corporation manufactures and sells heavy electrical equipment in South Korea. The company offer,3552000.0,74.6,3552000.0,434139.0,0.0,2.0,,3676875.0,3.5,Strong Uptrend,5,2663367.0,33.37,False,2345277.0,51.45,False,1708622.0,107.89,False,17.0,0
012450.KS,012450,"Hanwha Aerospace Co., Ltd.","Hanwha Aerospace Co., Ltd.",산업재,"Hanwha Aerospace Co., Ltd. engages in the development, production, and maintenance of aircraft engines worldwide. The co",1463000.0,54.1,1537000.0,764797.0,-4.8,1.29,,1644524.0,12.4,Strong Uptrend,5,1349100.0,8.44,False,1169559.0,25.09,False,1038233.0,40.91,False,51.0,0
010120.KS,010120,"LS ELECTRIC Co., Ltd.","LS ELECTRIC Co., Ltd.",산업재,"LS ELECTRIC Co., Ltd. provides smart energy solutions in South Korea and internationally. The company offers smart power",226500.0,79.9,226500.0,33307.0,0.0,1.74,,203990.0,-9.9,Strong Uptrend,5,152094.0,48.92,False,123978.0,82.69,False,90202.0,151.1,False,10.0,0
042700.KS,042700,"HANMI Semiconductor Co., Ltd.","HANMI Semiconductor Co., Ltd.",기술,"HANMI Semiconductor Co., Ltd. manufactures and sells semiconductor equipment in South Korea and internationally. The com",295500.0,57.1,333500.0,64500.0,-11.4,0.84,,200333.0,-32.2,Strong Uptrend,5,260804.0,13.3,False,199820.0,47.88,False,147001.0,101.02,False,41.0,0
267250.KS,267250,"HD Hyundai Co., Ltd.","HD Hyundai Co., Ltd.",에너지,"HD Hyundai Co., Ltd., through its subsidiaries, engages in oil refining business in Korea and internationally. It operat",288000.0,66.2,298000.0,69591.0,-3.4,0.99,,304400.0,5.7,Strong Uptrend,5,259250.0,11.09,False,234632.0,22.75,False,182680.0,57.65,False,25.0,0
064350.KS,064350,Hyundai Rotem Company,Hyundai Rotem Company,산업재,"Hyundai Rotem Company manufactures and sells railway vehicles, defense systems, and plants and machinery in South Korea ",233000.0,64.5,248189.0,101568.0,-6.1,2.47,,304000.0,30.5,Uptrend,4,208346.0,11.83,False,202343.0,15.15,False,193514.0,20.4,False,64.0,0
138040.KS,138040,Meritz Financial Group Inc.,Meritz Financial Group Inc.,금융 서비스,"Meritz Financial Group Inc., together with its subsidiaries, provides various financial services in South Korea and inte",114500.0,48.1,146200.0,101500.0,-21.7,1.02,,145500.0,27.1,Neutral,3,118122.0,-3.07,False,113985.0,0.45,True,115210.0,-0.62,True,67.0,2
003670.KS,003670,"Posco Future M Co., Ltd.","Posco Future M Co., Ltd.",산업재,"Posco Future M Co., Ltd., together with its subsidiaries, engages in the refractory, industrial furnaces, and lime busin",252000.0,66.6,257500.0,99980.0,-2.1,0.8,,196423.0,-22.1,Strong Uptrend,5,218967.0,15.09,False,211046.0,19.41,False,176001.0,43.18,False,15.0,0
278470.KS,278470,"APR Co., Ltd.","APR Co., Ltd.",필수 소비재,"APR Co., Ltd. manufactures and sells cosmetic products for men and women. The company also offers medical cosmetics and ",450000.0,72.9,450000.0,64146.0,0.0,0.66,,447308.0,-0.6,Strong Uptrend,5,326172.0,37.96,False,283755.0,58.59,False,230376.0,95.33,False,5.0,0
086280.KS,086280,"Hyundai Glovis Co., Ltd.","Hyundai Glovis Co., Ltd.",산업재,"Hyundai Glovis Co., Ltd. operates as logistics and distribution company in South Korea and internationally. It offers in",222500.0,49.0,283222.0,102759.0,-21.4,1.51,,298400.0,34.1,Neutral,3,232350.0,-4.24,False,209004.0,6.46,False,176923.0,25.76,False,64.0,0
071050.KS,071050,"Korea Investment Holdings Co., Ltd.","Korea Investment Holdings Co., Ltd.",금융 서비스,"Korea Investment Holdings Co., Ltd., through its subsidiaries, provides various financial products and services. The com",259000.0,61.6,283086.0,65908.0,-8.5,0.76,,301667.0,16.5,Strong Uptrend,5,231530.0,11.86,False,197043.0,31.44,False,163242.0,58.66,False,57.0,0
259960.KS,259960,"KRAFTON, Inc.","KRAFTON, Inc.",커뮤니케이션 서비스,"KRAFTON, Inc. engages in the software development and related ancillary businesses in Asia, Korea, the United States, Eu",274500.0,66.3,382749.0,211000.0,-28.3,1.44,,352826.0,28.5,Downtrend,2,245114.0,11.99,False,246744.0,11.25,False,291513.0,-5.84,False,33.0,0
047040.KS,047040,"Daewoo Engineering & Construction Co., Ltd.","Daewoo Engineering & Construction Co., Ltd.",산업재,"Daewoo Engineering & Construction Co., Ltd. engages in the engineering and construction business in South Korea and inte",32800.0,78.8,33250.0,3195.0,-1.4,0.33,,12014.0,-63.4,Strong Uptrend,5,14431.0,127.29,False,9101.0,260.4,False,6505.0,404.23,False,5.0,0
011070.KS,011070,"LG Innotek Co., Ltd.","LG Innotek Co., Ltd.",기술,"LG Innotek Co., Ltd. engages in the manufacture and sale of electronic materials and components for mobile, display, sem",542000.0,83.4,542000.0,136395.0,0.0,1.64,,403920.0,-25.5,Strong Uptrend,5,303083.0,78.83,False,282863.0,91.61,False,222771.0,143.3,False,10.0,0
323410.KS,323410,KakaoBank Corp.,KakaoBank Corp.,금융 서비스,"KakaoBank Corp., an Internet bank, provides banking services through electronic financial transaction method in South Ko",25300.0,54.7,36392.0,20212.0,-30.5,0.83,,27675.0,9.4,Uptrend,4,24952.0,1.39,True,23199.0,9.06,False,24361.0,3.85,False,43.0,1
005940.KS,005940,"NH Investment & Securities Co., Ltd.","NH Investment & Securities Co., Ltd.",금융 서비스,"NH Investment & Securities Co., Ltd. engages in the investment management in South Korea and internationally. It operate",35100.0,58.3,37712.0,12295.0,-6.9,0.9,,38417.0,9.5,Strong Uptrend,5,31276.0,12.23,False,25874.0,35.66,False,22196.0,58.14,False,45.0,0
006260.KS,006260,LS Corp.,LS Corp.,산업재,"LS Corp., together with its subsidiaries, engages in electric power, automation, machinery, materials, and energy busine",398500.0,78.3,398500.0,113729.0,0.0,1.33,,343571.0,-13.8,Strong Uptrend,5,268774.0,48.27,False,233515.0,70.65,False,202296.0,96.99,False,5.0,0
307950.KS,307950,Hyundai Autoever Corporation,Hyundai Autoever Corporation,기술,Hyundai Autoever Corporation provides information and communication technology services in South Korea and international,429500.0,54.9,502524.0,117222.0,-14.5,1.31,,489333.0,13.9,Uptrend,4,418982.0,2.51,False,355367.0,20.86,False,255049.0,68.4,False,51.0,0
039490.KS,039490,"Kiwoom Securities Co., Ltd.","Kiwoom Securities Co., Ltd.",금융 서비스,"Kiwoom Securities Co., Ltd., together with its subsidiaries, provides online brokerage services in South Korea and inter",449500.0,52.2,495500.0,109223.0,-9.3,0.72,,551000.0,22.6,Strong Uptrend,5,439975.0,2.16,False,363943.0,23.51,False,284546.0,57.97,False,57.0,0
443060.KS,443060,HDHMS,HDHMS,산업재,"HD Hyundai Marine Solution Co., Ltd. provides integrated engineering-based services to Hyundai brand ships. The company ",253500.0,78.2,253500.0,150142.0,0.0,2.24,,284444.0,12.2,Downtrend,2,181278.0,39.84,False,190054.0,33.38,False,192709.0,31.55,False,8.0,0
007660.KS,007660,"ISU Petasys Co., Ltd.","ISU Petasys Co., Ltd.",기술,"ISU Petasys Co., Ltd. manufactures and sells printed circuit boards (PCBs). The company offers network equipment, includ",153400.0,66.8,161400.0,31088.0,-5.0,0.92,,175000.0,14.1,Uptrend,4,116359.0,31.83,False,119688.0,28.17,False,89543.0,71.31,False,25.0,0
005830.KS,005830,"DB Insurance Co., Ltd.","DB Insurance Co., Ltd.",금융 서비스,"DB Insurance Co., Ltd. provides various insurance products and services in South Korea. It offers automobile, fire, mari",175000.0,55.1,197478.0,80241.0,-11.4,0.94,,218529.0,24.9,Strong Uptrend,5,168601.0,3.8,False,145224.0,20.5,False,132233.0,32.34,False,63.0,0
028050.KS,028050,"Samsung E&A Co., Ltd.","Samsung E&A Co., Ltd.",산업재,"Samsung E&A Co., Ltd. provides a range of engineering services for plant and other construction in South Korea, the Unit",52500.0,68.7,52500.0,18240.0,0.0,0.76,,55300.0,5.3,Strong Uptrend,5,37826.0,38.79,False,31341.0,67.51,False,27867.0,88.39,False,25.0,0
003230.KS,003230,"Samyang Foods Co., Ltd.","Samyang Foods Co., Ltd.",필수 소비재,"Samyang Foods Co., Ltd., together with its subsidiaries, manufactures and sells food products in South Korea and interna",1315000.0,56.6,1626590.0,899726.0,-19.2,0.79,,1824895.0,38.8,Downtrend,2,1184829.0,10.99,False,1234785.0,6.5,False,1286504.0,2.21,False,53.0,0
267270.KS,267270,"HD Construction Equipment Co., Ltd.","HD Construction Equipment Co., Ltd.",산업재,"HD Construction Equipment Co., Ltd. engages in the manufacturing and distribution of construction equipment. The company",194700.0,81.1,194700.0,61162.0,0.0,0.82,,160333.0,-17.7,Strong Uptrend,5,139163.0,39.91,False,120064.0,62.16,False,102478.0,89.99,False,5.0,0
005387.KS,005387,Hyundai Motor Company,Hyundai Motor Company,경기 소비재,"Hyundai Motor Company, together with its subsidiaries, manufactures and distributes motor vehicles and parts worldwide. ",245000.0,46.9,323500.0,127426.0,-24.3,1.09,,,,Neutral,3,259835.0,-5.71,False,238459.0,2.74,False,198965.0,23.14,False,39.0,0
000880.KS,000880,Hanwha Corporation,Hanwha Corporation,산업재,"Hanwha Corporation engages in the manufacture and sale of explosives and industrial machinery, trading, and general cons",131100.0,59.4,137827.0,41635.0,-4.9,0.99,,155700.0,18.8,Strong Uptrend,5,120962.0,8.38,False,105573.0,24.18,False,94023.0,39.43,False,57.0,0
326030.KS,326030,"SK Biopharmaceuticals Co., Ltd.","SK Biopharmaceuticals Co., Ltd.",헬스케어,"SK Biopharmaceuticals Co., Ltd., a pharmaceutical company, engages in the research, development, and commercialization o",102300.0,51.8,140700.0,88500.0,-27.3,0.66,,142923.0,39.7,Strong Downtrend,1,104690.0,-2.28,False,115609.0,-11.51,False,107372.0,-4.72,False,47.0,0
090430.KS,090430,Amorepacific Corporation,Amorepacific Corporation,필수 소비재,"Amorepacific Corporation researches, develops, manufactures, markets, sells, and trades cosmetics and beauty products wo",143900.0,63.6,163682.0,107767.0,-12.1,3.42,,169846.0,18.0,Strong Uptrend,5,138298.0,4.05,False,130383.0,10.37,False,128519.0,11.97,False,68.0,0
009830.KS,009830,Hanwha Solutions Corporation,Hanwha Solutions Corporation,기술,"Hanwha Solutions Corporation engages in the manufacture and sale of synthetic resins in South Korea, China, Germany, the",49350.0,62.9,58500.0,20000.0,-15.6,1.22,,41625.0,-15.7,Strong Uptrend,5,43518.0,13.4,False,35712.0,38.19,False,33743.0,46.25,False,41.0,0
001440.KS,001440,"Taihan Cable & Solution Co., Ltd.","Taihan Cable & Solution Co., Ltd.",산업재,"Taihan Cable & Solution Co., Ltd. manufactures, processes, and sells electric wires, cables, and related products worldw",42850.0,70.1,42850.0,11260.0,0.0,2.77,,35500.0,-17.2,Strong Uptrend,5,31810.0,34.71,False,28048.0,52.77,False,21790.0,96.65,False,10.0,0
180640.KS,180640,Hanjin Kal,Hanjin Kal,경기 소비재,"Hanjin Kal, together with its subsidiaries, engages in the provision of airline services in South Korea. The company off",114200.0,47.4,172469.0,78857.0,-33.8,0.62,,,,Neutral,3,122170.0,-6.52,False,117020.0,-2.41,False,115949.0,-1.51,True,37.0,1
066970.KS,066970,L&F,L&F,산업재,"L&F Co., Ltd. engages in the development and sale of electronic materials in Korea. It offers cathode active materials u",198500.0,69.2,198500.0,47800.0,0.0,0.75,,172188.0,-13.3,Strong Uptrend,5,138088.0,43.75,False,128360.0,54.64,False,98682.0,101.15,False,15.0,0
052690.KS,052690,"KEPCO Engineering & Construction Company, Inc.","KEPCO Engineering & Construction Company, Inc.",산업재,"KEPCO Engineering & Construction Company, Inc. engages in designing, engineering, procurement, and construction of power",194800.0,65.0,194800.0,54669.0,0.0,1.29,,177083.0,-9.1,Strong Uptrend,5,160493.0,21.38,False,129798.0,50.08,False,108260.0,79.94,False,15.0,0
377300.KS,377300,Kakao Pay Corp.,Kakao Pay Corp.,기술,"Kakao Pay Corp. operates a mobile payment system in South Korea. It operates in two segments, Non-financial Services and",55300.0,50.7,93800.0,28550.0,-41.0,0.69,,57055.0,3.2,Neutral,3,58922.0,-6.15,False,54602.0,1.28,True,55441.0,-0.25,True,34.0,2
241560.KS,241560,Doosan Bobcat Inc.,Doosan Bobcat Inc.,산업재,"Doosan Bobcat Inc. designs, manufactures, markets, and distributes compact construction equipment in North America, Euro",76000.0,74.3,76000.0,41939.0,0.0,1.2,,81875.0,7.7,Strong Uptrend,5,62943.0,20.74,False,60661.0,25.29,False,56853.0,33.68,False,15.0,0
078930.KS,078930,GS Holdings Corp.,GS Holdings Corp.,산업재,"GS Holdings Corp., together its subsidiaries, engages in the energy, power generation, retail, service, construction, an",75700.0,63.1,76800.0,34335.0,-1.4,0.68,,72957.0,-3.6,Strong Uptrend,5,67559.0,12.05,False,61054.0,23.99,False,52612.0,43.88,False,35.0,0
062040.KS,062040,SANIL ELECTRIC,SANIL ELECTRIC,산업재,"Sanil Electric Co., Ltd. manufactures and sells transformers and reactors for power grid, renewable energy, and industri",222000.0,74.9,222000.0,48850.0,0.0,0.61,,212429.0,-4.3,Strong Uptrend,5,157050.0,41.36,False,150130.0,47.87,False,124342.0,78.54,False,5.0,0
010060.KS,010060,OCI Holdings Company Ltd.,OCI Holdings Company Ltd.,금융 서비스,OCI Holdings Company Ltd. operates as a chemical company in South Korea. It offers renewable energy and energy solutions,384000.0,79.9,384000.0,58888.0,0.0,2.96,,337833.0,-12.0,Strong Uptrend,5,181648.0,111.4,False,145505.0,163.91,False,115795.0,231.62,False,10.0,0
000990.KS,000990,"DB HiTek CO., LTD.","DB HiTek CO., LTD.",기술,"DB HiTek Co.,Ltd. engages in semiconductor foundry business in South Korea. It provides semiconductors, such as power ma",152000.0,83.3,152000.0,37757.0,0.0,1.99,,113333.0,-25.4,Strong Uptrend,5,95310.0,59.48,False,81910.0,85.57,False,64388.0,136.07,False,10.0,0
064400.KS,064400,LG CNS,LG CNS,기술,"LG CNS Co., Ltd. operates as an IT service company in South Korea and internationally. It offers cloud consulting, migra",66700.0,56.3,94636.0,47998.0,-29.5,0.85,,86667.0,29.9,Downtrend,2,65139.0,2.4,False,63229.0,5.49,False,64379.0,3.61,False,53.0,0
034220.KS,034220,"LG Display Co., Ltd.","LG Display Co., Ltd.",기술,"LG Display Co., Ltd., together with its subsidiaries, engages in the research, development, manufacture, and sale of org",12770.0,49.6,15850.0,8010.0,-19.4,1.37,,14540.0,13.9,Neutral,3,12268.0,4.09,False,12454.0,2.54,False,11613.0,9.96,False,45.0,0
082740.KS,082740,"Hanwha Engine Co., Ltd.","Hanwha Engine Co., Ltd.",산업재,"Hanwha Engine Co., Ltd. manufactures and sells diesel engines worldwide. The company provides low and medium speed marin",76000.0,82.3,76000.0,23900.0,0.0,2.76,,63714.0,-16.2,Strong Uptrend,5,51746.0,46.87,False,48712.0,56.02,False,42297.0,79.68,False,10.0,0
454910.KS,454910,Doosan Robotics Inc.,Doosan Robotics Inc.,산업재,Doosan Robotics Inc. manufactures and sells industrial cooperative robots primarily in South Korea and internationally. ,94100.0,56.9,120800.0,45300.0,-22.1,1.29,,109000.0,15.8,Neutral,3,95255.0,-1.21,True,89371.0,5.29,False,74758.0,25.87,False,55.0,1
450080.KS,450080,ECOPRO MAT,ECOPRO MAT,산업재,"Ecopro Materials Co., Ltd., together with its subsidiaries, produces precursor materials for nickel-based anode material",82900.0,63.1,83200.0,41050.0,-0.4,1.03,,,,Strong Uptrend,5,69072.0,20.02,False,63978.0,29.58,False,57349.0,44.55,False,45.0,0
138930.KS,138930,BNK Financial Group Inc.,BNK Financial Group Inc.,금융 서비스,"BNK Financial Group Inc., together with its subsidiaries, provides various financial products and services in South Kore",19000.0,56.7,22259.0,9235.0,-14.6,0.79,,21407.0,12.7,Strong Uptrend,5,18655.0,1.85,True,16838.0,12.84,False,14950.0,27.09,False,61.0,1
029780.KS,029780,"Samsung Card Co., Ltd.","Samsung Card Co., Ltd.",금융 서비스,"Samsung Card Co., Ltd. provides financial services in South Korea. It operates through Credit card, Installment and leas",53800.0,45.8,64212.0,37489.0,-16.2,0.8,,67333.0,25.2,Uptrend,4,55864.0,-3.69,False,53453.0,0.65,True,50218.0,7.13,False,69.0,1
005385.KS,005385,Hyundai Motor Company,Hyundai Motor Company,경기 소비재,"Hyundai Motor Company, together with its subsidiaries, manufactures and distributes motor vehicles and parts worldwide. ",246000.0,47.2,321500.0,126468.0,-23.5,1.26,,,,Uptrend,4,258965.0,-5.01,False,235916.0,4.27,False,196296.0,25.32,False,45.0,0
271560.KS,271560,ORION Corp.,ORION Corp.,필수 소비재,"ORION Corp., together with its subsidiaries, engages in the manufacture and sale of various confectionery products in So",141800.0,63.7,145500.0,96716.0,-2.5,1.15,,159611.0,12.6,Strong Uptrend,5,128368.0,10.46,False,115560.0,22.71,False,111681.0,26.97,False,51.0,0
353200.KS,353200,"DAEDUCK ELECTRONICS Co., Ltd.","DAEDUCK ELECTRONICS Co., Ltd.",기술,"DAEDUCK ELECTRONICS Co., Ltd. provides various printed circuit boards (PCB) in South Korea and internationally. It offer",115200.0,74.8,115200.0,13880.0,0.0,1.88,,96889.0,-15.9,Strong Uptrend,5,72877.0,58.07,False,59943.0,92.18,False,40784.0,182.46,False,10.0,0
088980.KS,088980,Macquarie Korea Infrastructure Fund,Macquarie Korea Infrastructure Fund,Unknown,No description,11390.0,52.5,11830.0,10417.0,-3.7,0.81,,14400.0,26.4,Strong Uptrend,5,11361.0,0.26,True,11248.0,1.26,True,11152.0,2.13,False,73.0,2
175330.KS,175330,"JB Financial Group Co., Ltd.","JB Financial Group Co., Ltd.",금융 서비스,"JB Financial Group Co., Ltd., through its subsidiaries, engages in the provision of financial services in South Korea an",28700.0,41.3,36764.0,15874.0,-21.9,1.3,,35367.0,23.2,Uptrend,4,30000.0,-4.33,False,26911.0,6.65,False,24015.0,19.51,False,50.0,0
022100.KS,022100,Posco Dx Company Ltd.,Posco Dx Company Ltd.,기술,Posco Dx Company Ltd. provides ICT solutions to construction and materials industry in South Korea and internationally. ,34800.0,58.9,42675.0,20167.0,-18.5,0.65,,34700.0,-0.3,Uptrend,4,34320.0,1.4,True,31549.0,10.3,False,27476.0,26.66,False,39.0,1
103590.KS,103590,"Iljin Electric Co.,Ltd","Iljin Electric Co.,Ltd",산업재,"Iljin Electric Co.,Ltd engages in the production of transmission and distribution of power equipment. It offers transfor",96500.0,71.0,96500.0,22336.0,0.0,2.83,,108500.0,12.4,Strong Uptrend,5,77238.0,24.94,False,67508.0,42.95,False,51837.0,86.16,False,26.0,0
002380.KS,002380,KCC Corporation,KCC Corporation,원자재,KCC Corporation provides building materials in South Korea and internationally. Its building materials include celling m,557000.0,56.7,680000.0,231962.0,-18.1,0.59,,673000.0,20.8,Strong Uptrend,5,525977.0,5.9,False,469874.0,18.54,False,407448.0,36.7,False,63.0,0
011790.KS,011790,"SKC Co., Ltd.","SKC Co., Ltd.",원자재,"SKC Co., Ltd. manufactures and sells basic chemical raw materials and copper foils for batteries. The company offers cop",116100.0,61.2,134800.0,85335.0,-13.9,1.11,,102226.0,-12.0,Downtrend,2,104237.0,11.38,False,107891.0,7.61,False,104520.0,11.08,False,23.0,0
489790.KS,489790,"Hanwha Vision CO.,LTD","Hanwha Vision CO.,LTD",산업재,"Hanwha Vision CO.,LTD engages in the production and sale of securities, chip mounters, semiconductor equipment, etc. The",81800.0,54.7,92700.0,35950.0,-11.8,1.0,,82000.0,0.2,Strong Uptrend,5,73842.0,10.78,False,59872.0,36.62,False,57736.0,41.68,False,48.0,0
018880.KS,018880,Hanon Systems,Hanon Systems,경기 소비재,"Hanon Systems provides automotive thermal management solutions in Korea. The company offers heating, ventilation, and ai",4230.0,58.0,5270.0,2800.0,-19.7,0.82,,4055.0,-4.1,Strong Uptrend,5,4047.0,4.52,False,3771.0,12.17,False,3556.0,18.95,False,41.0,0
071970.KS,071970,"HD-Hyundai Marine Engine Co., Ltd.","HD-Hyundai Marine Engine Co., Ltd.",산업재,"HD-Hyundai Marine Engine Co., Ltd. manufactures and sells marine engines, industrial facilities, and plants in South Kor",114600.0,80.9,114600.0,31200.0,0.0,6.23,,119250.0,4.1,Downtrend,2,83175.0,37.78,False,85390.0,34.21,False,75643.0,51.5,False,-6.0,0
375500.KS,375500,"DL E&C Co.,Ltd.","DL E&C Co.,Ltd.",산업재,"DL E&C Co.,Ltd., a construction company, provides engineering, procurement, and construction solutions in South Korea. T",99000.0,68.7,102500.0,38181.0,-3.4,0.67,,86071.0,-13.1,Strong Uptrend,5,62807.0,57.63,False,51808.0,91.09,False,48444.0,104.36,False,15.0,0
051900.KS,051900,"LG H&H Co., Ltd.","LG H&H Co., Ltd.",필수 소비재,"LG H&H Co., Ltd. operates as cosmetics, household goods, and beverage company in South Korea and internationally. The co",253000.0,53.6,346914.0,224091.0,-27.1,1.17,,256304.0,1.3,Strong Downtrend,0,253980.0,-0.39,True,263603.0,-4.02,False,286547.0,-11.71,False,22.0,1
004170.KS,004170,SHINSEGAE Inc.,SHINSEGAE Inc.,경기 소비재,"SHINSEGAE Inc. operates department stores in South Korea. The company operates through Department Store, Wholesale and R",407000.0,71.9,407000.0,140203.0,0.0,1.26,,395824.0,-2.7,Strong Uptrend,5,336981.0,20.78,False,286194.0,42.21,False,229964.0,76.98,False,5.0,0
017800.KS,017800,"Hyundai Elevator Co., Ltd","Hyundai Elevator Co., Ltd",산업재,"Hyundai Elevator Co., Ltd. designs, manufactures, installs, maintains, and modernizes elevators in South Korea and inter",96300.0,55.9,102200.0,54516.0,-5.8,1.08,,120000.0,24.6,Strong Uptrend,5,90290.0,6.66,False,83073.0,15.92,False,76794.0,25.4,False,57.0,0
023530.KS,023530,"Lotte Shopping Co., Ltd.","Lotte Shopping Co., Ltd.",경기 소비재,"Lotte Shopping Co., Ltd., together with its subsidiaries, owns and manages department stores in South Korea. It also ope",133000.0,72.3,133000.0,59912.0,0.0,1.85,,118500.0,-10.9,Strong Uptrend,5,102977.0,29.16,False,86664.0,53.47,False,78203.0,70.07,False,10.0,0
111770.KS,111770,Youngone Corporation,Youngone Corporation,경기 소비재,"Youngone Corporation engages in the manufacture and sale of clothing, shoes, and supplies market worldwide. The company ",83400.0,48.8,98000.0,43728.0,-14.9,1.12,,108400.0,30.0,Neutral,3,86403.0,-3.48,False,83428.0,-0.03,True,70454.0,18.38,False,63.0,1
457190.KS,457190,"ISU Specialty Chemical Co., Ltd.","ISU Specialty Chemical Co., Ltd.",Unknown,No description,121600.0,64.8,130100.0,38050.0,-6.5,0.97,,,,Strong Uptrend,5,100610.0,20.86,False,80178.0,51.66,False,62698.0,93.95,False,45.0,0
035250.KS,035250,"Kangwon Land, Inc.","Kangwon Land, Inc.",경기 소비재,"Kangwon Land, Inc. engages in the casino, tourist hotel, and ski resorts businesses in South Korea. Its business also co",16950.0,49.7,19465.0,14454.0,-12.9,0.96,,20592.0,21.5,Downtrend,2,17123.0,-1.01,True,17016.0,-0.39,True,17058.0,-0.63,True,57.0,3
031210.KS,031210,"Seoul Guarantee Insurance Co., Ltd.","Seoul Guarantee Insurance Co., Ltd.",금융 서비스,"Seoul Guarantee Insurance Co., Ltd., together with its subsidiaries, engages in non-life insurance and other related ope",50100.0,51.8,58610.0,30061.0,-14.5,0.8,,90000.0,79.6,Uptrend,4,51091.0,-1.94,True,49119.0,2.0,True,44877.0,11.64,False,73.0,2
020150.KS,020150,Lotte Energy Materials Corporation,Lotte Energy Materials Corporation,산업재,Lotte Energy Materials Corporation produces and sells elecfoils in Korea and internationally. Its elecfoils are used as ,68100.0,81.8,68100.0,19730.0,0.0,1.8,,54667.0,-19.7,Strong Uptrend,5,43816.0,55.42,False,39162.0,73.89,False,31502.0,116.18,False,10.0,0
036460.KS,036460,Korea Gas Corporation,Korea Gas Corporation,유틸리티,"Korea Gas Corporation engages in the exploration, development, production, import, and wholesale of liquefied natural ga",38400.0,61.8,46007.0,33862.0,-16.5,1.82,,46700.0,21.6,Strong Downtrend,1,38211.0,0.49,True,39098.0,-1.79,True,39283.0,-2.25,False,52.0,2
012510.KS,012510,"Douzone Bizon Co., Ltd.","Douzone Bizon Co., Ltd.",기술,"Douzone Bizon Co., Ltd. provides ICT solutions and services in South Korea. Its products and services include accounting",119000.0,61.2,119500.0,54804.0,-0.4,0.05,,102083.0,-14.2,Strong Uptrend,5,111010.0,7.2,False,100798.0,18.06,False,87268.0,36.36,False,35.0,0
302440.KS,302440,"SK bioscience Co.,Ltd.","SK bioscience Co.,Ltd.",헬스케어,"SK bioscience Co.,Ltd. engages in the research and development, production, and distribution of vaccines and biopharmace",44300.0,53.1,60100.0,38500.0,-26.3,0.51,,40000.0,-9.7,Strong Downtrend,1,45401.0,-2.43,False,48526.0,-8.71,False,47612.0,-6.96,False,17.0,0
014680.KS,014680,"Hansol Chemical Co., Ltd.","Hansol Chemical Co., Ltd.",원자재,"Hansol Chemical Co., Ltd., together with its subsidiaries, manufactures and sells various chemicals primarily in South K",293000.0,57.1,334889.0,107799.0,-12.5,0.96,,349417.0,19.3,Strong Uptrend,5,284493.0,2.99,False,258005.0,13.56,False,212657.0,37.78,False,63.0,0
000500.KS,000500,"GAON CABLE Co., Ltd.","GAON CABLE Co., Ltd.",기술,"GAON CABLE Co., Ltd., a cable company, provides industrial power cables in South Korea. The company offers power cables,",201500.0,81.9,208500.0,39618.0,-3.4,1.31,,,,Strong Uptrend,5,107685.0,87.12,False,94627.0,112.94,False,78984.0,155.11,False,15.0,0
336260.KS,336260,"Doosan Fuel Cell Co., Ltd.","Doosan Fuel Cell Co., Ltd.",산업재,"Doosan Fuel Cell Co., Ltd. develops and distributes power generation fuel cells in South Korea. The company supplies fue",50500.0,66.7,50500.0,13860.0,0.0,2.2,,41857.0,-17.1,Strong Uptrend,5,38982.0,29.55,False,36268.0,39.24,False,30225.0,67.08,False,20.0,0
012750.KS,012750,S-1 Corporation,S-1 Corporation,산업재,S-1 Corporation provides safety and security services in South Korea and internationally. Its physical security solution,87500.0,46.9,94100.0,59156.0,-7.0,0.67,,95688.0,9.4,Strong Uptrend,5,87018.0,0.55,True,80067.0,9.28,False,75259.0,16.27,False,49.0,1
001720.KS,001720,"Shinyoung Securities Co., Ltd.","Shinyoung Securities Co., Ltd.",금융 서비스,"Shinyoung Securities Co., Ltd. engages in the financial investment business in South Korea. It investments in asset-back",201000.0,49.8,255000.0,75500.0,-21.2,1.39,,,,Strong Uptrend,5,200373.0,0.31,True,172378.0,16.6,False,150463.0,33.59,False,55.0,1
112610.KS,112610,CS Wind Corporation,CS Wind Corporation,산업재,"CS Wind Corporation manufactures and sells wind towers and offshore wind substructures in Europe, North America, and Asi",73200.0,62.9,76900.0,33348.0,-4.8,1.46,,66333.0,-9.4,Strong Uptrend,5,55718.0,31.38,False,48716.0,50.26,False,46604.0,57.07,False,35.0,0
139130.KS,139130,"iM Financial Group Co., Ltd.","iM Financial Group Co., Ltd.",금융 서비스,"iM Financial Group Co., Ltd., through its subsidiaries, engages in the provision of various banking products and service",19100.0,65.4,20905.0,8497.0,-8.6,0.53,,20150.0,5.5,Strong Uptrend,5,17476.0,9.29,False,15697.0,21.68,False,14141.0,35.07,False,25.0,0
028670.KS,028670,"Pan Ocean Co., Ltd.","Pan Ocean Co., Ltd.",산업재,"Pan Ocean Co., Ltd., together with its subsidiaries, provides marine transportation and other related services worldwide",5630.0,58.6,6200.0,3154.0,-9.2,0.6,,6140.0,9.1,Strong Uptrend,5,5186.0,8.56,False,4517.0,24.64,False,4125.0,36.48,False,45.0,0
097230.KS,097230,"HJ Shipbuilding & Construction Co., Ltd.","HJ Shipbuilding & Construction Co., Ltd.",산업재,"HJ Shipbuilding & Construction Co., Ltd. engages in the construction and shipbuilding business in South Korea. The compa",32050.0,66.9,33350.0,7120.0,-3.9,1.37,,,,Uptrend,4,25510.0,25.64,False,24328.0,31.74,False,19584.0,63.65,False,19.0,0
004990.KS,004990,LOTTE Corporation,LOTTE Corporation,필수 소비재,"LOTTE Corporation engages in the food, retail, chemical, construction, manufacturing, tourism, service, and finance busi",28950.0,51.0,37041.0,19720.0,-21.8,0.82,,39500.0,36.4,Uptrend,4,30095.0,-3.8,False,28752.0,0.69,True,28072.0,3.13,False,69.0,1
004800.KS,004800,Hyosung Corporation,Hyosung Corporation,산업재,"Hyosung Corporation, together with its subsidiaries, engages in the manufacture of chemical fibers in Korea and internat",171000.0,66.0,174700.0,47055.0,-2.1,1.58,,182500.0,6.7,Strong Uptrend,5,149392.0,14.46,False,139292.0,22.76,False,107331.0,59.32,False,30.0,0
051600.KS,051600,"KEPCO Plant Service & Engineering Co.,Ltd.","KEPCO Plant Service & Engineering Co.,Ltd.",산업재,"KEPCO Plant Service & Engineering Co.,Ltd. provides maintenance services for electric power-generating facilities in Sou",63500.0,64.0,67500.0,37723.0,-5.9,1.19,,64227.0,1.1,Strong Uptrend,5,58892.0,7.82,False,55183.0,15.07,False,51902.0,22.35,False,42.0,0
103140.KS,103140,Poongsan Corporation,Poongsan Corporation,산업재,Poongsan Corporation manufactures and sells copper and copper-related products in South Korea and internationally. It of,100500.0,49.6,161931.0,53094.0,-37.9,0.34,,153500.0,52.7,Strong Downtrend,0,105783.0,-4.99,False,105818.0,-5.03,False,108508.0,-7.38,False,35.0,0
005850.KS,005850,SL Corporation,SL Corporation,경기 소비재,"SL Corporation manufactures and sells automotive parts in South Korea, North America, China, India, Europe, South Americ",60800.0,52.5,70419.0,28829.0,-13.7,0.82,,74571.0,22.6,Strong Uptrend,5,58600.0,3.75,False,49546.0,22.71,False,40759.0,49.17,False,63.0,0
009970.KS,009970,"Youngone Holdings Co., Ltd.","Youngone Holdings Co., Ltd.",경기 소비재,"Youngone Holdings Co., Ltd. manufactures and sells apparel, footwear, gear, sportswear, and jackets in South Korea and i",211000.0,47.2,245318.0,86792.0,-14.0,1.14,,,,Uptrend,4,217255.0,-2.88,False,196858.0,7.18,False,160951.0,31.1,False,45.0,0
009420.KS,009420,"Hanall Biopharma Co., Ltd.","Hanall Biopharma Co., Ltd.",헬스케어,"Hanall Biopharma Co., Ltd., a pharmaceutical company, manufactures and sells pharmaceutical products in South Korea and ",51600.0,51.4,64400.0,24250.0,-19.9,0.83,,71800.0,39.1,Uptrend,4,53599.0,-3.73,False,49832.0,3.55,False,39352.0,31.12,False,65.0,0
00680K.KS,00680K,"Mirae Asset Securities Co., Ltd.","Mirae Asset Securities Co., Ltd.",금융 서비스,"Mirae Asset Securities Co., Ltd. engages in the provision of various financial services in South Korea and international",20000.0,48.8,22568.0,3960.0,-11.4,1.09,,,,Strong Uptrend,5,19502.0,2.55,False,15090.0,32.54,False,11539.0,73.33,False,51.0,0
017960.KS,017960,"Hankuk Carbon Co., Ltd.","Hankuk Carbon Co., Ltd.",원자재,"Hankuk Carbon Co., Ltd. produces and sells carbon fiber, synthetic resin, and glass paper related products in South Kore",50800.0,59.4,52200.0,18480.0,-2.7,1.39,,54200.0,6.7,Strong Uptrend,5,42429.0,19.73,False,36932.0,37.55,False,32357.0,57.0,False,45.0,0
026960.KS,026960,Dong Suh Companies Inc.,Dong Suh Companies Inc.,필수 소비재,"Dong Suh Companies Inc. engages in the food, packaging, tea, logistics, and import and export businesses. The company pr",26550.0,43.8,30444.0,23001.0,-12.8,0.81,,,,Uptrend,4,26895.0,-1.28,True,26768.0,-0.81,True,26728.0,-0.67,True,50.0,3
008930.KS,008930,"Hanmi Science Co., Ltd.","Hanmi Science Co., Ltd.",헬스케어,"Hanmi Science Co., Ltd., through its subsidiaries, manufactures and sells pharmaceutical products in Korea and internati",39000.0,51.0,51495.0,27434.0,-24.3,0.77,,,,Neutral,3,39942.0,-2.36,False,38923.0,0.2,True,39459.0,-1.16,True,47.0,2
120110.KS,120110,"Kolon Industries, Inc.","Kolon Industries, Inc.",원자재,"Kolon Industries, Inc. engages in industrial materials, chemicals, films/electronic materials, and fashion businesses in",87400.0,58.3,91000.0,27355.0,-4.0,0.9,,86667.0,-0.8,Strong Uptrend,5,70835.0,23.39,False,56582.0,54.47,False,46428.0,88.25,False,35.0,0
192820.KS,192820,"Cosmax, Inc.","Cosmax, Inc.",필수 소비재,"Cosmax, Inc. researches, develops, produces, and manufactures cosmetic and health function food products in Korea and in",227000.0,71.5,277460.0,153194.0,-18.2,1.23,,232087.0,2.2,Neutral,3,190404.0,19.22,False,180365.0,25.86,False,201349.0,12.74,False,6.0,0
001430.KS,001430,SeAH Besteel Holdings Corporation,SeAH Besteel Holdings Corporation,원자재,"SeAH Besteel Holdings Corporation manufactures and sells special steel products in South Korea, the rest of Asia, South ",71100.0,53.8,88805.0,15411.0,-19.9,0.49,,72625.0,2.1,Strong Uptrend,5,69227.0,2.71,False,55552.0,27.99,False,40800.0,74.26,False,48.0,0
007340.KS,007340,DN Automotive Corporation,DN Automotive Corporation,경기 소비재,"DN Automotive Corporation, together with its subsidiaries, engages in the manufacture and sale of automotive battery pro",42950.0,64.1,42950.0,19733.0,0.0,0.93,,,,Strong Uptrend,5,32735.0,31.21,False,28512.0,50.64,False,26017.0,65.08,False,45.0,0
383220.KS,383220,"F&F Co., Ltd","F&F Co., Ltd",경기 소비재,"F&F Co., Ltd. manufactures and sells apparel and accessories in South Korea. The company offers fashion products under t",66500.0,54.4,79637.0,57200.0,-16.5,1.0,,89333.0,34.3,Downtrend,2,66480.0,0.03,True,67225.0,-1.08,True,67704.0,-1.78,True,65.0,3
204320.KS,204320,HL Mando Corporation,HL Mando Corporation,경기 소비재,"HL Mando Corporation, an electric vehicle and autonomous driving solutions company, provides automotive parts and servic",53000.0,52.6,70360.0,32175.0,-24.7,0.7,,70542.0,33.1,Neutral,3,54647.0,-3.01,False,52369.0,1.2,True,43363.0,22.22,False,63.0,1
000155.KS,000155,Doosan Corporation,Doosan Corporation,산업재,"Doosan Corporation, together with its subsidiaries, engages in the power generation facilities, industrial facilities, c",605000.0,66.0,612775.0,131082.0,-1.3,1.1,,,,Uptrend,4,509354.0,18.78,False,515239.0,17.42,False,435181.0,39.02,False,19.0,0
008770.KS,008770,"Hotel Shilla Co.,Ltd","Hotel Shilla Co.,Ltd",경기 소비재,"Hotel Shilla Co.,Ltd operates as a hospitality company in South Korea and internationally. The company offers various lu",62300.0,79.5,62300.0,37900.0,0.0,5.12,,54188.0,-13.0,Neutral,3,47055.0,32.4,False,46511.0,33.95,False,47942.0,29.95,False,-7.0,0
018670.KS,018670,"SK Gas Co., Ltd.","SK Gas Co., Ltd.",에너지,"SK Gas Co., Ltd. supplies and distributes liquefied petroleum gas (LPG) in South Korea and internationally. It is involv",260000.0,61.6,285437.0,199613.0,-8.9,0.8,,304000.0,16.9,Uptrend,4,236143.0,10.1,False,235383.0,10.46,False,235797.0,10.26,False,51.0,0
000240.KS,000240,"Hankook & Company Co., Ltd.","Hankook & Company Co., Ltd.",경기 소비재,"Hankook & Company Co., Ltd. manufactures and sells smart energy solutions. The company offers batteries for automotives,",24750.0,47.7,33620.0,13321.0,-26.4,0.69,,33000.0,33.3,Neutral,3,26266.0,-5.77,False,25902.0,-4.45,False,23268.0,6.37,False,59.0,0
007810.KS,007810,"Korea Circuit Co., Ltd.","Korea Circuit Co., Ltd.",기술,"Korea Circuit Co., Ltd. engages in the production and sale of printed circuit boards worldwide. Its products include hig",97900.0,67.5,97900.0,9796.0,0.0,0.87,,90250.0,-7.8,Strong Uptrend,5,67025.0,46.06,False,52780.0,85.49,False,32907.0,197.51,False,15.0,0
000120.KS,000120,CJ Logistics Corporation,CJ Logistics Corporation,산업재,CJ Logistics Corporation provides transportation and logistics services in Korea and internationally. The company engage,102400.0,42.7,144623.0,77026.0,-29.2,0.94,,150786.0,47.3,Uptrend,4,112943.0,-9.33,False,103076.0,-0.66,True,93776.0,9.2,False,62.0,1
085620.KS,085620,"MIRAE ASSET Life Insurance Co., Ltd.","MIRAE ASSET Life Insurance Co., Ltd.",금융 서비스,"MIRAE ASSET Life Insurance Co., Ltd. provides personal insurance products and undertakes related reinsurance contracts i",17220.0,54.2,18280.0,4720.0,-5.8,0.68,,,,Strong Uptrend,5,14306.0,20.37,False,11737.0,46.72,False,9358.0,84.01,False,45.0,0
004370.KS,004370,"Nongshim Co., Ltd.","Nongshim Co., Ltd.",필수 소비재,"Nongshim Co., Ltd., together with its subsidiaries, manufactures, sells, imports, and exports ramen, snacks, and beverag",381500.0,53.6,513659.0,355724.0,-25.7,0.8,,506474.0,32.8,Strong Downtrend,1,391722.0,-2.61,False,407975.0,-6.49,False,407828.0,-6.46,False,47.0,0
077970.KS,077970,"STX Engine Co.,Ltd.","STX Engine Co.,Ltd.",산업재,"STX Engine Co., Ltd. manufactures and sells diesel engines and electronic communication devices in South Korea. The comp",57300.0,83.8,57300.0,20050.0,0.0,1.83,,,,Strong Uptrend,5,35108.0,63.21,False,35042.0,63.52,False,32589.0,75.83,False,20.0,0
002790.KS,002790,AMOREPACIFIC Holdings Corp.,AMOREPACIFIC Holdings Corp.,필수 소비재,"AMOREPACIFIC Holdings Corp., through its subsidiaries, engages in manufacturing, marketing, and trading of cosmetics, ho",30100.0,63.8,34572.0,20073.0,-12.9,3.19,,39500.0,31.2,Strong Uptrend,5,28811.0,4.47,False,27861.0,8.04,False,27619.0,8.98,False,76.0,0
005440.KS,005440,"Hyundai G.F. Holdings Co., Ltd.","Hyundai G.F. Holdings Co., Ltd.",필수 소비재,"Hyundai G.F. Holdings Co., Ltd. engages in the departmental store businesses in the South Korea. Hyundai G.F. Holdings C",14800.0,56.0,18446.0,5025.0,-19.8,0.87,,12575.0,-15.0,Strong Uptrend,5,13500.0,9.63,False,10825.0,36.72,False,9317.0,58.85,False,41.0,0
298020.KS,298020,Hyosung TNC Corporation,Hyosung TNC Corporation,경기 소비재,"Hyosung TNC Corporation manufactures and sells fiber in South Korea and internationally. It offers spandex, nylon, and p",530000.0,71.0,531000.0,191404.0,-0.2,0.89,,560000.0,5.7,Strong Uptrend,5,404658.0,30.97,False,317431.0,66.97,False,271365.0,95.31,False,15.0,0
030000.KS,030000,Cheil Worldwide Inc.,Cheil Worldwide Inc.,커뮤니케이션 서비스,"Cheil Worldwide Inc. provides various marketing and advertising solutions worldwide. It offers strategic, creative, medi",19750.0,48.1,22900.0,16468.0,-13.8,0.85,,25108.0,27.1,Downtrend,2,20553.0,-3.91,False,20763.0,-4.88,False,19788.0,-0.19,True,57.0,1
361610.KS,361610,"SK IE Technology Co., Ltd.","SK IE Technology Co., Ltd.",기술,"SK IE Technology Co., Ltd., together with its subsidiaries, engages in manufacturing and selling of battery materials in",27700.0,67.7,34300.0,19960.0,-19.2,0.94,,26780.0,-3.3,Strong Downtrend,1,24157.0,14.67,False,26024.0,6.44,False,26496.0,4.54,False,-3.0,0
011210.KS,011210,Hyundai Wia Corporation,Hyundai Wia Corporation,경기 소비재,"Hyundai Wia Corporation manufactures and retails auto parts for vehicles, machinery, and industrial machinery worldwide.",82700.0,51.5,99723.0,39377.0,-17.1,1.2,,87308.0,5.6,Neutral,3,83007.0,-0.37,True,75578.0,9.42,False,61650.0,34.14,False,43.0,1
069960.KS,069960,Hyundai Department Store Co. Ltd.,Hyundai Department Store Co. Ltd.,경기 소비재,"Hyundai Department Store Co. Ltd. operates various department stores, outlets, and duty-free shops in South Korea. The c",98500.0,69.4,109234.0,54354.0,-9.8,0.91,,124059.0,25.9,Uptrend,4,90415.0,8.94,False,89828.0,9.65,False,81532.0,20.81,False,39.0,0
081660.KS,081660,Misto Holdings Corp.,Misto Holdings Corp.,경기 소비재,"Misto Holdings Corp., together with its subsidiaries, engages in the sale of textile products, clothing, footwear, leath",41400.0,42.0,52864.0,31603.0,-21.7,1.06,,58000.0,40.1,Neutral,3,45369.0,-8.75,False,43419.0,-4.65,False,39681.0,4.33,False,52.0,0
003690.KS,003690,Korean Reinsurance Company,Korean Reinsurance Company,금융 서비스,"Korean Reinsurance Company, a reinsurance company, provides life and non-life reinsurance products in Korea and internat",12360.0,52.1,13774.0,7332.0,-10.3,0.54,,12300.0,-0.5,Strong Uptrend,5,12358.0,0.02,True,11606.0,6.5,False,10754.0,14.93,False,45.0,1
161890.KS,161890,"Kolmar Korea Co., Ltd.","Kolmar Korea Co., Ltd.",필수 소비재,"Kolmar Korea Co., Ltd. researches, develops, produces, and sells beauty and health products in South Korea and internati",91600.0,74.9,108015.0,60437.0,-15.2,1.16,,97958.0,6.9,Uptrend,4,74343.0,23.21,False,69686.0,31.45,False,77105.0,18.8,False,15.0,0
322000.KS,322000,"HD Hyundai Energy Solutions Co.,Ltd.","HD Hyundai Energy Solutions Co.,Ltd.",기술,"HD Hyundai Energy Solutions Co.,Ltd. provides solar cells and modules. It offers monofacial, bifacial, and shingled PV m",191000.0,69.6,191100.0,25650.0,-0.1,1.12,,150000.0,-21.5,Strong Uptrend,5,118482.0,61.21,False,87628.0,117.97,False,66691.0,186.4,False,15.0,0
005070.KS,005070,"Cosmo Advanced Materials & Technology Co., Ltd.","Cosmo Advanced Materials & Technology Co., Ltd.",원자재,"Cosmo Advanced Materials & Technology Co., Ltd. provides secondary battery cathode active materials in South Korea and i",63200.0,65.2,65500.0,29700.0,-3.5,0.95,,68000.0,7.6,Strong Uptrend,5,53138.0,18.94,False,50998.0,23.93,False,45626.0,38.52,False,25.0,0
023590.KS,023590,Daou Technology Inc.,Daou Technology Inc.,기술,"Daou Technology Inc., together with its subsidiaries, provides IT and finance services. The company offers marketing com",48150.0,51.9,59208.0,18812.0,-18.7,0.94,,,,Uptrend,4,48463.0,-0.65,True,42819.0,12.45,False,37226.0,29.35,False,49.0,1
001120.KS,001120,LX International Corp.,LX International Corp.,산업재,LX International Corp. engages in the trading business in Korea and internationally. It is also involved in business dev,53600.0,65.0,54000.0,24064.0,-0.7,0.53,,53167.0,-0.8,Strong Uptrend,5,44961.0,19.21,False,37997.0,41.06,False,33475.0,60.12,False,15.0,0
395400.KS,395400,"SK Reits Co., Ltd.","SK Reits Co., Ltd.",부동산·리츠,"SK Reits Co., Ltd. operates as a real estate investment trust. The company is based in Seoul, South Korea.",6900.0,65.0,6900.0,4353.0,0.0,0.77,,7033.0,1.9,Strong Uptrend,5,6053.0,13.99,False,5773.0,19.52,False,5278.0,30.73,False,22.0,0
462870.KS,462870,SHIFT UP,SHIFT UP,커뮤니케이션 서비스,"Shift Up Corporation operates as a game design and development studio. It offers game production, promotional video, and",34750.0,61.4,58500.0,28200.0,-40.6,1.52,,39515.0,13.7,Strong Downtrend,1,32638.0,6.47,False,34664.0,0.25,True,39915.0,-12.94,False,32.0,1
003570.KS,003570,"Snt Dynamics Co.,Ltd.","Snt Dynamics Co.,Ltd.",산업재,"Snt Dynamics Co.,Ltd. manufactures and sells precision machinery. It offers defense products, including powertrains, gun",58300.0,62.9,73549.0,30757.0,-20.7,0.73,,,,Neutral,3,52137.0,11.82,False,49968.0,16.67,False,51860.0,12.42,False,39.0,0
229640.KS,229640,LS Eco Energy Ltd.,LS Eco Energy Ltd.,산업재,LS Eco Energy Ltd. manufactures and sells cables for the electricity boards and news agencies worldwide. It offers overh,63300.0,77.9,63300.0,29984.0,0.0,0.88,,59200.0,-6.5,Strong Uptrend,5,45327.0,39.65,False,41304.0,53.25,False,39209.0,61.44,False,5.0,0
003540.KS,003540,"Daishin Securities Co.,Ltd","Daishin Securities Co.,Ltd",금융 서비스,"Daishin Securities Co.,Ltd operates as a financial investment company in Korea and internationally. It engages in the in",38800.0,54.3,47524.0,15712.0,-18.4,0.88,,52000.0,34.0,Strong Uptrend,5,37245.0,4.18,False,32009.0,21.22,False,28302.0,37.09,False,71.0,0
