티커,영문명,한국명,테마/섹터,설명,현재가($),RSI(14),52주고가($),52주저가($),52주고점대비(%),거래량비율(전일/20일평균),PER(후행),목표주가($),업사이드(%),MA60($),MA60차이(%),MA60근접,MA120($),MA120차이(%),MA120근접,MA240($),MA240차이(%),MA240근접
AAPL,Apple Inc.,애플,소비자 전자기기,아이폰·맥·서비스 생태계,271.06,59.7,285.92,194.68,-5.2,0.9,34.4,297.71,9.8,261.95,3.48,,265.39,2.14,,244.99,10.64,
MSFT,Microsoft Corp.,마이크로소프트,소프트웨어·클라우드,윈도우·Azure·Office 365,424.62,63.5,539.83,356.77,-21.3,0.8,26.6,578.0,36.1,397.14,6.92,,439.9,-3.47,,468.92,-9.45,
NVDA,NVIDIA Corp.,엔비디아,반도체·AI,GPU·데이터센터·AI 가속기,208.27,71.5,208.27,106.4,0.0,1.43,42.6,268.61,29.0,185.01,12.57,,185.3,12.4,,176.25,18.17,
AMZN,Amazon.com Inc.,아마존,이커머스·클라우드,온라인 쇼핑·AWS 클라우드,263.99,80.4,263.99,184.42,0.0,1.16,36.8,283.48,7.4,219.67,20.17,,227.15,16.22,,223.95,17.88,
META,Meta Platforms Inc.,메타 플랫폼스,소셜 미디어,페이스북·인스타그램·왓츠앱,675.03,61.5,788.15,525.72,-14.4,0.76,28.7,855.11,26.7,639.09,5.62,,639.3,5.59,,679.23,-0.62,O
GOOGL,Alphabet Inc. (A),알파벳(구글) A,인터넷·광고,구글 검색·YouTube·GCP,344.4,69.0,344.4,150.86,0.0,1.0,31.9,377.29,9.5,312.88,10.07,,311.48,10.57,,258.71,33.12,
GOOG,Alphabet Inc. (C),알파벳(구글) C,인터넷·광고,구글 검색·YouTube·GCP,342.32,69.7,344.66,152.27,-0.7,1.03,31.6,364.0,6.3,312.12,9.67,,311.42,9.92,,259.1,32.12,
TSLA,Tesla Inc.,테슬라,전기차·에너지,전기차·에너지 저장·자율주행,376.3,48.9,489.88,259.51,-23.2,0.9,345.2,419.0,11.3,392.16,-4.05,,417.49,-9.87,,388.7,-3.19,
AVGO,Broadcom Inc.,브로드컴,반도체,네트워크·스토리지·AI 맞춤칩,422.76,77.8,422.76,186.64,0.0,0.99,82.6,475.49,12.5,338.92,24.74,,346.4,22.04,,321.08,31.67,
COST,Costco Wholesale Corp.,코스트코,유통·소매,창고형 멤버십 할인마트,1011.15,56.1,1052.46,848.84,-3.9,0.93,52.6,1072.16,6.0,993.23,1.8,O,949.9,6.45,,957.01,5.66,
NFLX,Netflix Inc.,넷플릭스,스트리밍·미디어,글로벌 OTT 동영상 스트리밍,92.44,40.8,133.91,75.86,-31.0,0.72,29.8,114.38,23.7,91.22,1.34,O,94.9,-2.59,,107.98,-14.39,
ASML,ASML Holding NV,ASML 홀딩 NV,반도체 장비,EUV 노광 장비 독점 공급,1457.7,54.7,1526.51,662.37,-4.5,0.92,48.1,1662.06,14.0,1404.01,3.82,,1267.18,15.04,,1043.26,39.73,
AMD,Advanced Micro Devices,고급 마이크로 디바이스,반도체,CPU·GPU·AI 가속기,347.81,88.9,347.81,94.47,0.0,2.2,133.3,292.39,-15.9,221.67,56.9,,223.69,55.49,,192.74,80.45,
PEP,PepsiCo Inc.,펩시코,식음료,펩시·게토레이·프리토레이 스낵,155.44,48.6,168.98,123.5,-8.0,0.84,24.4,172.0,10.7,158.86,-2.15,,151.27,2.76,,143.96,7.97,
LIN,Linde plc,린데,산업용 가스,산소·질소·수소 등 산업 가스,510.3,60.8,510.3,388.08,0.0,0.73,35.0,523.89,2.7,488.08,4.55,,454.61,12.25,,458.53,11.29,
QCOM,Qualcomm Inc.,퀄컴,반도체·통신,모바일 AP·5G 모뎀 칩,148.85,73.4,185.53,124.07,-19.8,3.04,30.0,150.1,0.8,135.88,9.55,,152.54,-2.42,,154.39,-3.59,
ADBE,Adobe Inc.,어도비,소프트웨어,포토샵·Acrobat·Creative Cloud,245.44,49.3,420.68,225.35,-41.7,1.24,14.3,329.28,34.2,256.15,-4.18,,293.13,-16.27,,330.99,-25.85,
INTU,Intuit Inc.,인튜이트,금융 소프트웨어,TurboTax·QuickBooks·Mint,395.95,46.5,801.96,350.94,-50.6,0.68,25.8,594.11,50.0,418.92,-5.48,,526.66,-24.82,,618.29,-35.96,
AMAT,Applied Materials Inc.,어플라이드 머티리얼즈,반도체 장비,반도체 식각·증착 장비,417.04,69.3,417.04,147.64,0.0,1.09,42.7,422.97,1.4,358.84,16.22,,312.38,33.5,,248.61,67.75,
TXN,Texas Instruments Inc.,텍사스 인스트루먼츠,반도체,아날로그·임베디드 반도체,277.14,83.6,282.23,152.34,-1.8,2.01,47.4,266.03,-4.0,211.67,30.93,,193.31,43.37,,190.35,45.59,
MU,Micron Technology Inc.,마이크론 테크놀로지,반도체·메모리,DRAM·NAND 플래시 메모리,496.72,68.9,496.72,76.7,0.0,0.76,23.4,533.73,7.5,412.75,20.34,,346.01,43.56,,240.66,106.4,
ISRG,Intuitive Surgical Inc.,인튜이티브 서지컬,의료기기,다빈치 수술 로봇 시스템,482.22,56.0,592.85,429.59,-18.7,1.24,58.5,577.68,19.8,480.25,0.41,O,519.68,-7.21,,507.89,-5.05,
BKNG,Booking Holdings Inc.,부킹 홀딩스,여행·OTA,부킹닷컴·프라이스라인·카약,180.25,51.6,231.27,154.48,-22.1,0.87,27.2,231.98,28.7,174.91,3.05,,190.23,-5.25,,203.85,-11.58,
LRCX,Lam Research Corp.,램 리서치,반도체 장비,반도체 식각·증착 장비,267.78,61.2,272.41,70.38,-1.7,1.33,50.5,301.58,12.6,234.17,14.35,,205.51,30.3,,156.55,71.05,
SBUX,Starbucks Corp.,스타벅스,외식·음료,글로벌 커피 프랜차이즈,98.67,56.7,101.44,77.4,-2.7,0.91,82.2,100.97,2.3,96.0,2.79,,91.09,8.32,,88.89,11.01,
ADP,Automatic Data Processing,자동 데이터 처리,HR·급여 소프트웨어,기업체·인사 외부소싱,196.53,40.5,318.79,188.79,-38.4,1.16,18.9,256.47,30.5,211.09,-6.9,,232.95,-15.63,,264.5,-25.7,
ADI,Analog Devices Inc.,아날로그 디바이시스,반도체,아날로그·혼성신호 반도체,399.57,76.8,403.88,189.77,-1.1,1.4,73.0,393.16,-1.6,334.55,19.44,,301.59,32.49,,267.59,49.32,
GILD,Gilead Sciences Inc.,길리어드 사이언시스,바이오·제약,HIV·간염·항암제,130.4,30.8,154.92,94.4,-15.8,1.15,19.2,158.36,21.4,142.99,-8.8,,133.11,-2.04,,121.96,6.92,
VRTX,Vertex Pharmaceuticals,버텍스 파마슈티컬스,바이오·제약,낭성섬유증 치료제,430.29,39.7,509.5,366.54,-15.5,0.94,28.1,548.45,27.5,460.08,-6.47,,453.07,-5.03,,438.86,-1.95,O
MDLZ,Mondelez International,몬델리즈,식품,오레오·리츠·토블레로네,57.61,51.4,68.95,51.07,-16.4,1.25,30.5,66.32,15.1,58.01,-0.68,O,56.46,2.04,,59.66,-3.44,
REGN,Regeneron Pharmaceuticals,리제네론,바이오·제약,아일리아·두필루맙 항체 치료제,751.57,48.2,811.29,481.15,-7.4,1.26,18.1,878.31,16.9,763.27,-1.53,O,749.93,0.22,O,655.56,14.65,
PANW,Palo Alto Networks Inc.,팔로 알토 네트웍스,사이버보안,차세대 방화벽·클라우드 보안,178.54,60.2,221.38,141.67,-19.4,0.72,99.2,206.14,15.5,162.57,9.83,,177.79,0.42,O,187.09,-4.57,
SNPS,Synopsys Inc.,시놉시스,EDA 소프트웨어,반도체 설계 자동화(EDA) 툴,500.82,70.7,645.35,380.47,-22.4,1.76,76.9,534.65,6.8,428.69,16.83,,443.42,12.95,,484.17,3.44,
CDNS,Cadence Design Systems,캐던스 디자인,EDA 소프트웨어,반도체 설계 자동화(EDA) 툴,332.89,65.4,373.37,265.66,-10.8,1.52,82.0,371.53,11.6,292.79,13.7,,305.93,8.81,,318.9,4.39,
KLAC,KLA Corporation,KLA,반도체 장비,반도체 공정 검사·계측 장비,1935.0,75.7,1935.0,671.22,0.0,1.39,56.2,1709.28,-11.7,1535.8,25.99,,1406.32,37.59,,1169.38,65.47,
CSX,CSX Corporation,씨에스엑스코퍼레이션,철도·물류,미국 동부 화물 철도 운영,45.41,70.1,46.18,27.42,-1.7,1.43,27.9,44.28,-2.5,41.08,10.54,,38.39,18.29,,35.92,26.41,
MELI,MercadoLibre Inc.,메르카도리브레,이커머스·핀테크,중남미 최대 전자상거래·결제,1835.22,55.1,2613.63,1599.52,-29.8,0.75,46.5,2457.58,33.9,1831.07,0.23,O,1957.74,-6.26,,2174.87,-15.62,
PYPL,PayPal Holdings Inc.,페이팔,핀테크·결제,온라인 결제·Venmo,50.48,62.1,77.8,38.96,-35.1,0.61,9.3,52.85,4.7,45.5,10.94,,53.01,-4.77,,61.75,-18.25,
ABNB,Airbnb Inc.,에어비앤비,여행·숙박 플랫폼,글로벌 숙박 공유 플랫폼,142.82,64.7,144.18,111.54,-0.9,0.81,35.4,146.88,2.8,129.95,9.91,,128.87,10.82,,129.22,10.53,
CRWD,CrowdStrike Holdings Inc.,크라우드스트라이크,사이버보안,클라우드 기반 엔드포인트 보안,448.13,59.1,557.53,350.25,-19.6,0.61,,491.14,9.6,411.2,8.98,,453.39,-1.16,O,460.75,-2.74,
MRVL,Marvell Technology Inc.,마벨 테크놀로지,반도체,데이터센터·5G 반도체,164.31,87.3,165.56,56.16,-0.8,1.25,53.5,128.36,-21.9,97.91,67.82,,92.14,78.33,,83.17,97.56,
ORLY,O'Reilly Automotive Inc.,오라일리 오토모티브,자동차 부품 소매,자동차 부품·액세서리 소매,93.13,51.5,107.82,87.3,-13.6,1.09,31.4,105.67,13.5,93.12,0.01,O,94.51,-1.46,O,96.09,-3.08,
MAR,Marriott International,매리어트 인터내셔널,호텔·숙박,글로벌 호텔 체인,367.15,62.0,378.72,233.99,-3.1,0.79,38.6,370.83,1.0,339.55,8.13,,320.97,14.39,,293.25,25.2,
FTNT,Fortinet Inc.,포티넷,사이버보안,FortiGate 네트워크 보안,84.34,55.0,108.69,74.39,-22.4,0.98,34.9,89.0,5.5,81.78,3.13,,81.36,3.67,,86.84,-2.88,
MNST,Monster Beverage Corp.,몬스터 비버리지,음료,에너지 음료 브랜드,78.23,60.1,86.66,58.49,-9.7,0.89,40.3,85.46,9.2,77.88,0.45,O,76.38,2.42,,70.04,11.69,
PCAR,PACCAR Inc.,PACCAR,상용차·트럭,Kenworth·Peterbilt 트럭,127.0,60.7,129.48,86.5,-1.9,1.07,28.2,127.96,0.8,122.26,3.88,,115.31,10.14,,105.21,20.71,
KDP,Keurig Dr Pepper Inc.,큐리그 닥터페퍼,음료,커피 캡슐·닥터페퍼 음료,29.22,73.4,34.3,24.87,-14.8,1.31,21.6,32.81,12.3,27.53,6.13,,27.43,6.54,,28.83,1.36,O
CEG,Constellation Energy Corp.,컨스텔레이션 에너지,원자력·전력,미국 최대 원자력 발전 운영,313.53,60.2,402.95,216.97,-22.2,1.24,42.4,371.98,18.6,294.33,6.52,,319.82,-1.97,O,322.67,-2.83,
CTAS,Cintas Corporation,신타스,기업 서비스,유니폼 렌탈·시설 관리,175.9,44.9,226.13,165.71,-22.2,0.69,37.2,212.41,20.8,187.03,-5.95,,187.18,-6.02,,199.05,-11.63,
ROST,Ross Stores Inc.,로스 스토어스,유통·소매,오프프라이스 의류·생활용품,226.37,61.6,228.25,125.73,-0.8,0.46,34.2,229.81,1.5,208.89,8.37,,193.1,17.23,,168.15,34.63,
CHTR,Charter Communications,차터 커뮤니케이션스,통신·케이블,케이블 TV·인터넷 서비스,180.13,29.3,427.25,180.13,-57.8,6.79,4.9,274.13,52.2,224.67,-19.83,,214.63,-16.08,,268.33,-32.87,
DXCM,DexCom Inc.,덱스컴,의료기기,연속혈당측정기(CGM) 시스템,61.57,40.3,89.53,54.84,-31.2,0.91,29.5,86.88,41.1,67.54,-8.84,,66.42,-7.3,,72.53,-15.11,
WDAY,Workday Inc.,워크데이,기업용 소프트웨어,클라우드 HR·재무 관리,119.76,42.8,274.71,112.5,-56.4,1.11,46.2,179.22,49.6,137.13,-12.67,,175.9,-31.92,,206.89,-42.12,
ODFL,Old Dominion Freight Line,올드 도미니언 프레이트,물류·운송,미국 LTL 화물 운송,219.98,63.6,224.42,125.86,-2.0,0.83,45.5,202.62,-7.9,197.71,11.27,,175.52,25.33,,164.09,34.06,
AEP,American Electric Power,아메리칸 일렉트릭 파워,전력·유틸리티,미국 중부·남부 전력 공급,134.73,57.1,137.15,96.26,-1.8,0.74,20.2,141.38,4.9,129.85,3.76,,123.53,9.06,,115.09,17.07,
PAYX,Paychex Inc.,페이첵스,HR·급여 소프트웨어,중소기업 HR·급여 서비스,89.82,44.3,155.44,85.57,-42.2,0.84,19.8,100.93,12.4,93.55,-3.99,,102.04,-11.97,,119.64,-24.93,
FAST,Fastenal Company,패스트널,산업 유통,볼트·너트 등 산업 소모품 유통,44.69,44.7,49.85,38.65,-10.4,0.53,39.5,46.49,4.0,45.85,-2.53,,43.56,2.58,,44.02,1.53,O
GEHC,GE HealthCare Technologies,GE 헬스케어,의료기기,MRI·CT 등 의료 영상 장비,68.83,37.3,88.08,66.92,-21.9,1.12,15.1,90.74,31.8,75.65,-9.01,,78.02,-11.77,,75.96,-9.39,
EXC,Exelon Corporation,엑셀론,전력·유틸리티,미국 북동부·중서부 전력 공급,46.92,43.3,50.29,41.11,-6.7,0.96,17.2,50.17,6.9,47.53,-1.28,O,45.87,2.29,,44.61,5.19,
IDXX,IDEXX Laboratories Inc.,IDEXX 래버러토리즈,동물 진단,반려동물 진단·검사 장비,565.93,44.2,766.68,432.65,-26.2,1.16,43.3,733.43,29.6,604.56,-6.39,,654.62,-13.55,,620.83,-8.84,
XEL,Xcel Energy Inc.,엑셀 에너지,전력·유틸리티,미국 중부 전력·가스 공급,79.15,46.7,83.29,64.17,-5.0,0.92,23.1,91.06,15.0,79.67,-0.66,O,77.88,1.63,O,74.59,6.11,
TEAM,Atlassian Corporation,아틀라시안,협업 소프트웨어,Jira·Confluence 협업 툴,71.55,52.1,229.83,57.15,-68.9,0.68,,147.09,105.6,77.42,-7.59,,114.68,-37.61,,149.32,-52.08,
FANG,Diamondback Energy Inc.,다이아몬드백 에너지,에너지·석유,퍼미안 분지 원유 개발·생산,194.79,58.7,202.19,126.13,-3.7,0.5,34.0,221.77,13.9,180.81,7.73,,164.86,18.15,,152.46,27.76,
BKR,Baker Hughes Company,베이커 휴즈,에너지 서비스,유전 굴착·서비스·LNG 설비,68.94,71.4,68.94,34.7,0.0,1.93,22.0,63.48,-7.9,60.79,13.4,,54.69,26.06,,48.57,41.95,
VRSK,Verisk Analytics Inc.,버리스크 애널리틱스,데이터·분석,보험·에너지 산업 데이터 분석,177.59,43.4,318.85,164.28,-44.3,1.0,27.4,223.88,26.1,190.1,-6.58,,204.55,-13.18,,240.5,-26.16,
BIIB,Biogen Inc.,바이오젠,바이오·제약,알츠하이머·MS 신경계 치료제,184.38,52.1,201.18,116.82,-8.4,0.54,21.0,212.03,15.0,185.54,-0.63,O,178.97,3.02,,157.39,17.15,
NXPI,NXP Semiconductors NV,NXP 세미컨덕터즈,반도체,자동차·IoT 반도체,244.04,80.5,248.46,178.44,-1.8,1.2,30.7,258.84,6.1,214.04,14.01,,215.81,13.08,,215.95,13.01,
ZS,Zscaler Inc.,지스케일러,사이버보안,제로트러스트 클라우드 보안,135.5,46.5,336.27,118.05,-59.7,0.77,,229.45,69.3,153.29,-11.6,,202.61,-33.12,,245.86,-44.89,
DLTR,Dollar Tree Inc.,달러 트리,유통·소매,균일가 소매점 체인,103.75,45.2,141.21,80.17,-26.5,0.76,17.5,125.04,20.5,114.22,-9.17,,116.63,-11.04,,108.74,-4.59,
TTWO,Take-Two Interactive,테이크-투 인터랙티브,게임,GTA·NBA 2K 등 게임 퍼블리셔,210.75,54.3,262.29,189.69,-19.7,0.68,,277.1,31.5,205.46,2.57,,225.7,-6.62,,232.5,-9.35,
CPRT,Copart Inc.,코파트,자동차 경매,폐차·중고차 온라인 경매 플랫폼,33.07,41.5,63.84,32.43,-48.2,1.0,20.8,42.67,29.0,35.6,-7.12,,37.8,-12.5,,43.06,-23.2,
ON,ON Semiconductor Corp.,ON 세미컨덕터,반도체,전력·전기차용 SiC 반도체,98.4,89.1,98.4,38.41,0.0,1.4,339.3,70.79,-28.1,67.05,46.75,,60.72,62.05,,55.91,75.99,
CCEP,Coca-Cola Europacific Partners,코카콜라 유로퍼시픽,음료,코카콜라 유럽·아태 병입·유통,98.06,55.7,110.43,84.39,-11.2,0.99,19.7,106.53,8.6,98.25,-0.19,O,94.1,4.21,,92.13,6.43,
ILMN,Illumina Inc.,일루미나,유전체 분석,유전자 염기서열 분석(NGS) 장비,127.88,50.3,153.95,74.53,-16.9,0.66,23.5,136.67,6.9,125.89,1.58,O,129.68,-1.38,O,112.37,13.8,
GFS,GlobalFoundries Inc.,글로벌파운드리스,반도체 파운드리,반도체 위탁생산(파운드리),61.79,81.2,61.79,31.62,0.0,1.2,38.9,51.3,-17.0,46.85,31.89,,42.24,46.29,,39.23,57.52,
CDW,CDW Corporation,CDW 주식회사,IT 유통·솔루션,기업용 IT 제품·솔루션 유통업체,135.32,60.5,187.53,113.48,-27.8,0.75,16.7,166.2,22.8,126.18,7.25,,132.43,2.18,,150.18,-9.9,
DDOG,Datadog Inc.,데이터독,클라우드 모니터링,클라우드 인프라·앱 모니터링,129.48,58.6,199.72,99.6,-35.2,0.67,417.7,177.11,36.8,120.7,7.28,,135.31,-4.31,,135.95,-4.76,
WBD,Warner Bros. Discovery Inc.,워너브라더스 디스커버리,미디어·엔터테인먼트,HBO·CNN·Warner Bros.,27.07,41.4,29.98,8.37,-9.7,0.94,93.3,29.6,9.3,27.67,-2.18,,27.03,0.16,O,20.33,33.15,
SMCI,Super Micro Computer Inc.,슈퍼마이크로,AI 서버,AI·데이터센터용 고성능 서버,29.08,57.5,60.71,20.53,-52.1,1.18,21.2,33.2,14.2,28.68,1.4,O,31.15,-6.65,,39.27,-25.94,
EA,Electronic Arts Inc.,일렉트로닉 아츠,게임,EA Sports·FIFA·Madden,202.67,50.5,204.6,142.41,-0.9,0.65,75.9,205.62,1.5,201.48,0.59,O,202.15,0.26,O,184.62,9.78,
LULU,Lululemon Athletica Inc.,룰루레몬,의류·스포츠웨어,프리미엄 요가·운동복 브랜드,143.8,34.1,335.19,141.66,-57.1,1.44,10.8,182.59,27.0,167.09,-13.94,,178.49,-19.44,,198.66,-27.62,
KHC,Kraft Heinz Company,크래프트 하인즈,식품,케첩·마카로니치즈 등 포장 식품,21.94,42.7,27.86,21.21,-21.3,1.1,,24.08,9.8,23.07,-4.91,,23.42,-6.3,,24.48,-10.37,
MRNA,Moderna Inc.,모더나,바이오·제약,mRNA 기반 백신·치료제,50.73,46.0,57.8,22.36,-12.2,0.79,,46.1,-9.1,50.04,1.38,O,40.64,24.84,,33.99,49.25,
SIRI,SiriusXM Holdings Inc.,시리우스XM,위성 라디오·미디어,위성 라디오·팟캐스트 플랫폼,26.61,63.6,28.06,18.54,-5.2,2.35,11.9,25.92,-2.6,22.62,17.63,,21.73,22.47,,21.82,21.95,
RIVN,Rivian Automotive Inc.,리비안,전기차,전기 픽업트럭·SUV 제조,16.52,53.6,22.45,11.64,-26.4,1.01,,18.16,9.9,15.52,6.48,,16.44,0.48,O,15.07,9.62,
LCID,Lucid Group Inc.,루시드 그룹,전기차,프리미엄 전기 세단 제조,6.25,27.1,31.3,6.25,-80.0,0.96,,12.77,104.3,9.58,-34.76,,11.15,-43.96,,16.86,-62.92,
ZM,Zoom Video Communications,줌 비디오,화상회의·협업,클라우드 화상회의 플랫폼,92.03,65.2,96.22,69.77,-4.4,1.04,14.9,97.33,5.8,83.71,9.94,,84.66,8.71,,81.95,12.3,
OKTA,Okta Inc.,옥타,사이버보안·ID 관리,클라우드 ID·접근 관리(IAM),75.98,51.5,127.3,62.93,-40.3,0.62,58.0,100.28,32.0,77.95,-2.53,,82.65,-8.07,,89.88,-15.46,
ALGN,Align Technology Inc.,얼라인 테크놀로지,의료기기,인비절라인 투명 치아교정기,189.61,58.3,207.19,124.88,-8.5,0.78,33.6,205.5,8.4,179.35,5.72,,167.06,13.5,,163.25,16.15,
ENPH,Enphase Energy Inc.,엔페이즈 에너지,태양광·에너지,마이크로인버터·가정용 에너지,35.77,49.4,51.67,26.12,-30.8,0.82,27.7,45.5,27.2,40.73,-12.17,,36.52,-2.05,,37.49,-4.6,
MTCH,Match Group Inc.,매치 그룹,소셜·데이팅,틴더·OkCupid 등 데이팅 앱,36.75,71.0,38.09,26.55,-3.5,1.01,15.4,36.24,-1.4,31.6,16.28,,31.89,15.24,,32.47,13.18,
NCLH,Norwegian Cruise Line,노르웨이지안 크루즈,여행·크루즈,크루즈 여행 운항,18.51,41.5,26.94,16.03,-31.3,0.71,20.1,24.66,33.2,21.07,-12.14,,20.87,-11.32,,21.71,-14.73,
EXPE,Expedia Group Inc.,익스피디아,여행·OTA,온라인 여행 예약 플랫폼,251.44,53.7,300.66,155.39,-16.4,0.54,25.6,283.71,12.8,233.84,7.53,,250.94,0.2,O,222.28,13.12,
PCVX,Vaxcyte Inc.,박스사이트,바이오·제약,폐렴구균 백신 개발,59.49,50.0,63.04,29.0,-5.6,0.76,,109.0,83.2,57.86,2.82,,52.26,13.83,,43.61,36.42,
FWONK,Formula One Group,포뮬러 원 그룹,스포츠·미디어,F1 레이싱 미디어 권리,88.6,53.5,108.33,81.42,-18.2,2.4,38.4,114.06,28.7,86.67,2.23,,90.82,-2.45,,95.69,-7.41,
ARM,Arm Holdings plc,ARM 홀딩스,반도체 IP,모바일·IoT 프로세서 아키텍처,234.81,87.2,234.81,104.55,0.0,2.51,313.1,169.59,-27.8,137.05,71.33,,132.54,77.17,,139.84,67.91,
APP,Applovin Corporation,앱러빈,모바일 광고·AI,AI 기반 모바일 광고 플랫폼,448.29,51.4,733.6,267.88,-38.9,0.99,44.7,639.36,42.6,436.66,2.66,,530.72,-15.53,,496.92,-9.79,
MDB,MongoDB Inc.,몽고DB,데이터베이스,클라우드 NoSQL 데이터베이스,253.59,47.1,440.6,171.64,-42.4,1.31,,351.1,38.5,288.82,-12.2,,339.75,-25.36,,296.67,-14.52,
MMM,3M Company,3M 회사,산업재,3M Company는 A에서 다양한 기술 서비스를 제공합니다.,145.99,43.1,173.83,134.84,-16.0,1.78,28.1,175.03,19.9,154.87,-5.73,,159.56,-8.51,,155.54,-6.14,
AOS,A. O. Smith Corporation,A.O. 스미스 주식회사,산업재,A. O. Smith Corporation은 주택을 제조 및 판매합니다.,64.38,43.1,80.47,61.8,-20.0,0.82,16.7,78.3,21.6,70.57,-8.77,,68.98,-6.67,,68.8,-6.43,
ABT,Abbott Laboratories,애보트 연구소,헬스케어,Abbott Laboratories는 자회사와 함께 다음을 발견합니다.,91.13,26.0,135.32,91.13,-32.7,1.1,25.5,118.64,30.2,106.17,-14.17,,114.53,-20.43,,122.01,-25.31,
ABBV,AbbVie Inc.,애브비(주),헬스케어,연구 기반의 바이오 제약 회사인 AbbVie Inc.,198.71,35.1,238.71,171.84,-16.8,1.19,84.2,249.27,25.4,216.36,-8.16,,218.86,-9.21,,208.67,-4.77,
ACN,Accenture plc,액센츄어 PLC,기술,"Accenture plc는 전략 및 컨설팅, Industry X,",178.36,34.7,318.9,178.28,-44.1,0.87,14.6,250.51,40.5,206.37,-13.57,,234.11,-23.81,,252.0,-29.22,
AES,The AES Corporation,AES 공사,유틸리티,AES Corporation은 자회사와 함께 운영합니다.,14.49,53.3,17.28,9.27,-16.1,1.95,11.1,15.11,4.3,14.89,-2.67,,14.39,0.69,O,13.33,8.67,
AFL,Aflac Incorporated,Aflac 법인,금융 서비스,Aflac Incorporated는 자회사를 통해 공급품을 제공합니다.,114.62,60.5,116.85,96.54,-1.9,0.88,16.8,111.86,-2.4,111.69,2.63,,110.6,3.63,,107.29,6.83,
A,"Agilent Technologies, Inc.","애질런트 테크놀로지스, Inc.",헬스케어,"Agilent Technologies, Inc.는 애플리케이션 중심 솔루션을 제공합니다.",115.55,46.1,156.56,104.38,-26.2,0.82,25.5,160.69,39.1,119.57,-3.36,,131.39,-12.06,,126.82,-8.89,
APD,"Air Products and Chemicals, Inc.","에어 프로덕츠 앤 케미칼스, Inc.",원자재,"Air Products and Chemicals, Inc.는 대기 가스를 제공합니다.",301.76,62.9,303.65,227.66,-0.6,0.65,,316.52,4.9,284.52,6.06,,267.74,12.71,,271.23,11.26,
AKAM,"Akamai Technologies, Inc.","아카마이 테크놀로지스, Inc.",기술,"Akamai Technologies, Inc.는 보안 서비스 제공에 참여합니다.",95.25,41.1,119.15,70.53,-20.1,0.71,31.0,111.63,17.2,103.13,-7.64,,95.48,-0.24,O,86.21,10.49,
ALB,Albemarle Corporation,앨버말 코퍼레이션,원자재,Albemarle Corporation은 전 세계에 에너지 저장 솔루션을 제공합니다.,188.33,52.8,215.62,54.14,-12.7,0.92,,195.24,3.7,174.72,7.79,,156.13,20.62,,115.37,63.24,
ARE,"Alexandria Real Estate Equities, Inc.","알렉산드리아 부동산 주식, Inc.",부동산·리츠,"S&P 500 기업인 Alexandria Real Estate Equities, Inc.는",47.4,51.8,83.51,42.61,-43.2,0.73,,57.86,22.1,49.42,-4.09,,49.99,-5.18,,61.6,-23.05,
ALLE,Allegion plc,Allegion plc,산업재,Allegion plc는 보안 제품 공급에 참여합니다.,146.1,50.2,179.09,134.79,-18.4,0.89,19.6,173.17,18.5,153.56,-4.86,,157.94,-7.49,,158.62,-7.89,
LNT,Alliant Energy Corporation,얼라이언트 에너지 코퍼레이션,유틸리티,Alliant Energy Corporation은 유틸리티 보유 회사로 운영됩니다.,72.31,53.0,73.72,58.14,-1.9,1.14,23.0,77.09,6.6,70.79,2.15,,68.34,5.81,,65.66,10.12,
ALL,The Allstate Corporation,올스테이트 코퍼레이션,금융 서비스,Allstate Corporation과 그 자회사는 다음과 같습니다.,212.88,51.8,218.23,188.16,-2.5,0.87,5.6,240.0,12.7,208.38,2.16,,205.87,3.41,,202.47,5.14,
MO,"Altria Group, Inc.","알트리아 그룹, Inc.",필수 소비재,"Altria Group, Inc.는 자회사를 통해",66.88,57.1,68.55,52.63,-2.4,1.15,16.2,65.58,-1.9,65.47,2.16,,61.26,9.18,,60.32,10.87,
AMCR,Amcor plc,암코 PLC,경기 소비재,Amcor plc는 자회사와 함께 홍보 활동에 참여합니다.,38.95,40.1,49.92,38.11,-22.0,0.84,29.3,50.22,28.9,43.37,-10.18,,42.46,-8.27,,43.07,-9.56,
AEE,Ameren Corporation,아메렌 코퍼레이션,유틸리티,Ameren Corporation은 자회사와 함께 다음과 같은 사업을 운영하고 있습니다.,111.12,51.0,114.32,91.67,-2.8,0.82,20.8,120.53,8.5,109.44,1.54,O,105.1,5.73,,101.34,9.65,
AXP,American Express Company,아메리칸 익스프레스 회사,금융 서비스,"American Express Company와 그 자회사, op",314.08,47.0,382.83,262.06,-18.0,1.01,19.6,359.02,14.3,320.67,-2.06,,342.94,-8.41,,328.44,-4.37,
AIG,"American International Group, Inc.","아메리칸 인터내셔널 그룹, Inc.",금융 서비스,"American International Group, Inc.는 보험 상품을 제공합니다.",75.14,42.4,86.08,71.47,-12.7,1.1,13.8,86.45,15.1,76.79,-2.15,,77.33,-2.83,,78.61,-4.41,
AMT,American Tower Corporation,아메리칸 타워 코퍼레이션,부동산·리츠,American Tower Corporation은 세계 최대 규모의 부동산 중 하나입니다.,178.21,51.8,225.84,165.62,-21.1,1.0,33.0,215.45,20.9,178.81,-0.33,O,176.98,0.7,O,188.78,-5.6,
AWK,"American Water Works Company, Inc.","아메리칸 워터 웍스 컴퍼니(American Water Works Company, Inc.)",유틸리티,"American Water Works Company, Inc.(자회사를 통해)",132.42,46.1,145.54,122.12,-9.0,0.96,23.3,139.45,5.3,133.28,-0.64,O,131.31,0.84,O,134.96,-1.88,O
AMP,"Ameriprise Financial, Inc.","아메리프라이즈 파이낸셜, Inc.",금융 서비스,"Ameriprise Financial, Inc.는 그 자회사와 함께,",464.12,55.5,543.89,430.4,-14.7,1.88,11.6,530.82,14.4,467.14,-0.65,O,473.02,-1.88,O,488.33,-4.96,
AME,"AMETEK, Inc.","AMETEK, Inc.",산업재,"AMETEK, Inc.는 전자 기기(",232.95,57.3,241.08,165.21,-3.4,0.92,36.3,250.0,7.3,226.36,2.91,,214.95,8.38,,198.48,17.37,
AMGN,Amgen Inc.,암젠 주식회사,헬스케어,"Amgen Inc.는 h를 발견, 개발, 제조 및 제공합니다.",344.55,42.8,388.16,254.3,-11.2,0.9,24.2,352.73,2.4,360.36,-4.39,,344.03,0.15,O,313.63,9.86,
APH,Amphenol Corporation,암페놀 주식회사,기술,Am페놀 Corporation은 자회사와 함께 설계,149.71,62.0,165.92,75.32,-9.8,0.63,44.8,169.78,13.4,138.84,7.83,,139.25,7.51,,123.25,21.47,
AON,Aon plc,에이온 PLC,금융 서비스,Aon plc는 해당 단위의 전문 서비스 회사로 운영됩니다.,321.14,45.9,375.37,309.97,-14.4,0.6,18.9,389.95,21.4,327.31,-1.88,O,337.24,-4.77,,347.87,-7.68,
APA,APA Corporation,아파코퍼레이션,에너지,독립 에너지 기업인 APA Corporation은,37.73,50.6,44.09,14.86,-14.4,0.54,9.5,41.3,9.5,33.91,11.26,,29.18,29.3,,24.65,53.09,
APO,"Apollo Global Management, Inc.","아폴로 글로벌 매니지먼트, Inc.",금융 서비스,"Apollo Global Management, Inc.는 사모펀드 회사 사양입니다.",124.26,62.5,154.24,100.3,-19.4,0.75,22.4,139.06,11.9,116.15,6.98,,126.98,-2.15,,131.27,-5.34,
APTV,Aptiv PLC,앱티브 PLC,경기 소비재,산업기술 기업 Aptiv PLC가 하드웨어를 제공하고 있습니다.,60.1,38.2,88.67,55.06,-32.2,0.64,80.1,87.09,44.9,70.96,-15.3,,74.96,-19.82,,74.94,-19.81,
ACGL,Arch Capital Group Ltd.,아치 캐피털 그룹(주),금융 서비스,"Arch Capital Group Ltd.와 그 자회사, 프로",96.19,48.2,101.98,84.72,-5.7,0.77,8.3,109.11,13.4,96.93,-0.76,O,94.9,1.36,O,92.64,3.83,
ADM,Archer-Daniels-Midland Company,아처-다니엘스-미들랜드 회사,필수 소비재,Archer-Daniels-Midland Company는 인간과 동물의 견과류를 제공합니다.,69.23,48.2,73.83,45.85,-6.2,0.59,31.0,65.73,-5.1,69.19,0.06,O,64.47,7.38,,60.01,15.37,
ARES,Ares Management Corporation,아레스 매니지먼트 코퍼레이션,금융 서비스,Ares Management Corporation은 대체 자산으로 운영됩니다.,115.23,53.7,187.77,95.2,-38.6,0.47,67.4,144.29,25.2,115.75,-0.45,O,137.24,-16.04,,151.94,-24.16,
ANET,"Arista Networks, Inc.","아리스타 네트웍스, Inc.",기술,"Arista Networks, Inc.는 개발, 마케팅,",176.91,74.2,177.73,75.29,-0.5,1.06,64.6,179.75,1.6,139.57,26.76,,135.59,30.47,,129.22,36.9,
AJG,Arthur J. Gallagher & Co.,아서 J. 갤러거 앤 컴퍼니,금융 서비스,"Arthur J. Gallagher & Co.와 그 자회사, p",215.38,44.9,345.35,204.17,-37.6,0.65,37.5,271.42,26.0,219.97,-2.09,,235.86,-8.68,,270.47,-20.37,
AIZ,"Assurant, Inc.",어슈어런트(주),금융 서비스,"Assurant, Inc.는 연결된 개발자에게 보호 서비스를 제공합니다.",229.8,62.7,242.33,182.42,-5.2,1.57,13.6,260.0,13.1,224.01,2.58,,226.73,1.35,O,214.23,7.27,
T,AT&T Inc.,AT&T 주식회사,커뮤니케이션 서비스,AT&T Inc.는 통신 및 기술 서비스를 제공합니다.,26.2,43.0,28.8,22.76,-9.0,0.78,8.6,30.43,16.1,27.35,-4.22,,25.75,1.75,O,26.28,-0.31,O
ATO,Atmos Energy Corporation,애트모스 에너지 코퍼레이션,유틸리티,Atmos Energy Corporation은 자회사와 함께,185.45,49.6,192.29,148.94,-3.6,0.8,24.1,186.82,0.7,182.16,1.81,O,175.78,5.5,,167.67,10.61,
ADSK,"Autodesk, Inc.","오토데스크, Inc.",기술,"Autodesk, Inc.는 3D 디자인, 엔진 제공에 참여합니다.",237.44,48.5,326.79,218.45,-27.3,0.71,45.5,325.55,37.1,240.68,-1.34,O,265.86,-10.69,,284.81,-16.63,
AZO,"AutoZone, Inc.",오토존(주),경기 소비재,"AutoZone, Inc.는 aut의 소매업체 및 유통업체로 운영됩니다.",3577.91,54.9,4354.54,3244.92,-17.8,1.66,25.1,4204.74,17.5,3586.41,-0.24,O,3603.44,-0.71,O,3762.12,-4.9,
AVB,"AvalonBay Communities, Inc.","AvalonBay 커뮤니티, Inc.",부동산·리츠,"S&P 500의 회원사인 AvalonBay Communities, Inc.는",172.38,55.8,204.23,159.04,-15.6,0.68,23.3,193.55,12.3,170.75,0.96,O,173.36,-0.56,O,181.79,-5.17,
AVY,Avery Dennison Corporation,에이버리 데니슨 코퍼레이션,경기 소비재,Avery Dennison Corporation은 재료 과학 분야의 기업으로 운영됩니다.,165.5,40.6,196.48,155.86,-15.8,0.8,18.8,205.0,23.9,178.8,-7.44,,178.28,-7.17,,174.44,-5.13,
AXON,"Axon Enterprise, Inc.","액슨 엔터프라이즈, Inc.",산업재,"Axon Enterprise, Inc.는 공공 안전 기술 솔루션을 제공합니다.",397.12,43.0,870.97,345.94,-54.4,0.71,263.0,707.96,78.3,455.19,-12.76,,519.89,-23.62,,635.69,-37.53,
BALL,Ball Corporation,볼 코퍼레이션,경기 소비재,Ball Corporation은 알루미늄 포장 제품을 공급합니다.,61.32,46.5,67.56,46.08,-9.2,1.23,18.6,70.86,15.6,62.74,-2.27,,56.9,7.76,,54.78,11.94,
BAC,Bank of America Corporation,뱅크 오브 아메리카 코퍼레이션,금융 서비스,"Bank of America Corporation은 자회사를 통해 단,",52.05,53.4,56.93,38.71,-8.6,0.84,12.9,62.72,20.5,51.0,2.06,,52.2,-0.29,O,49.78,4.56,
BAX,Baxter International Inc.,박스터 인터내셔널 주식회사,헬스케어,Baxter International Inc.는 자회사를 통해 다음을 제공합니다.,18.16,54.0,31.47,15.8,-42.3,0.75,,22.12,21.8,18.68,-2.77,,18.84,-3.6,,22.52,-19.36,
BDX,"Becton, Dickinson and Company","벡턴, 디킨슨 앤 컴퍼니",헬스케어,"Becton, Dickinson and Company는 개발, 제조 및 판매합니다.",152.14,36.7,184.21,126.85,-17.4,0.77,24.9,191.46,25.8,163.33,-6.85,,157.69,-3.52,,149.39,1.84,O
BRK-B,Berkshire Hathaway Inc.,버크셔 해서웨이 Inc.,금융 서비스,"Berkshire Hathaway Inc.와 그 자회사,",469.32,39.3,539.8,459.11,-13.1,0.84,15.1,524.0,11.7,486.68,-3.57,,492.0,-4.61,,490.71,-4.36,
BBY,"Best Buy Co., Inc.",베스트바이(주),경기 소비재,"Best Buy Co., Inc.는 기술 제품 및 솔루션을 제공합니다.",60.45,39.7,81.66,60.4,-26.0,0.81,12.0,72.74,20.3,63.8,-5.26,,67.49,-10.44,,68.66,-11.95,
TECH,Bio-Techne Corporation,바이오테크네(주),헬스케어,Bio-Techne Corporation은 자회사와 함께 개발하고 있습니다.,54.19,45.4,71.28,46.47,-24.0,1.0,102.2,72.27,33.4,56.9,-4.77,,59.5,-8.93,,56.65,-4.35,
BLK,"BlackRock, Inc.","블랙록, Inc.",금융 서비스,"BlackRock, Inc.는 공개 투자 관리자입니다. 그만큼",1044.97,57.8,1190.14,889.36,-12.2,0.47,26.3,1255.0,20.1,1021.93,2.25,,1046.05,-0.1,O,1058.74,-1.3,O
BX,Blackstone Inc.,블랙스톤 주식회사,금융 서비스,블랙스톤(주)는 대체자산운용사 스펙입니다.,121.65,51.4,184.87,102.12,-34.2,0.7,31.2,144.4,18.7,119.8,1.54,O,134.22,-9.36,,145.64,-16.47,
XYZ,"Block, Inc.",주식회사 블록,기술,블록(주)는 자회사들과 함께 생태계를 구축합니다.,71.63,64.7,81.11,46.53,-11.7,0.73,34.1,86.15,20.3,60.55,18.31,,62.94,13.81,,67.28,6.46,
BK,The Bank of New York Mellon Corporation,뉴욕 멜론 은행 은행,금융 서비스,Bank of New York Mellon Corporation은 다양한 서비스를 제공합니다.,134.05,67.4,137.92,77.51,-2.8,0.7,16.6,141.96,5.9,121.71,10.14,,118.08,13.53,,108.18,23.91,
BA,The Boeing Company,보잉사,산업재,Boeing Company는 자회사와 함께 다음을 설계합니다.,232.44,62.2,252.15,176.26,-7.8,0.85,91.9,266.64,14.7,221.72,4.84,,217.0,7.12,,217.6,6.82,
BSX,Boston Scientific Corporation,보스턴 사이언티픽 코퍼레이션,헬스케어,"Boston Scientific Corporation은 개발, 제조 및 생산을 담당합니다.",62.07,42.4,108.14,59.52,-42.6,0.93,26.0,87.06,40.3,70.92,-12.48,,83.77,-25.9,,93.18,-33.39,
BMY,Bristol-Myers Squibb Company,브리스톨 마이어스 스퀴브(Bristol-Myers Squibb) 회사,헬스케어,Bristol-Myers Squibb Company는,58.71,49.1,61.73,41.67,-4.9,0.72,17.0,63.04,7.4,59.0,-0.49,O,54.85,7.04,,49.82,17.84,
BR,"Broadridge Financial Solutions, Inc.","브로드리지 파이낸셜 솔루션즈, Inc.",기술,"Broadridge Financial Solutions, Inc.는 투자자 커뮤니케이션을 제공합니다.",155.07,36.4,263.28,151.12,-41.1,0.69,17.2,245.88,58.6,172.95,-10.34,,197.2,-21.36,,218.72,-29.1,
BRO,"Brown & Brown, Inc.",브라운앤브라운(주),금융 서비스,"Brown & Brown, Inc.는 보험 상품을 마케팅하고 판매하며",65.9,44.2,116.9,63.43,-43.6,0.76,20.9,79.47,20.6,68.65,-4.01,,73.95,-10.89,,86.56,-23.87,
BF-B,Brown-Forman Corporation,브라운-포먼 코퍼레이션,필수 소비재,Brown-Forman Corporation과 그 자회사는 다음과 같습니다.,28.31,55.1,34.92,22.8,-18.9,0.43,16.5,29.23,3.2,27.24,3.94,,27.36,3.46,,27.95,1.3,O
BLDR,"Builders FirstSource, Inc.","빌더스 FirstSource, Inc.",산업재,"Builders FirstSource, Inc.는 자회사와 함께",90.04,53.5,149.21,78.85,-39.7,0.63,23.1,118.1,31.2,97.11,-7.28,,103.67,-13.14,,114.67,-21.48,
BG,Bunge Global SA,번지 글로벌 SA,필수 소비재,Bunge Global SA는 농업 및 식품 회사로 운영됩니다.,124.9,52.4,129.42,71.43,-3.5,0.57,25.3,135.0,8.1,121.72,2.61,,108.97,14.62,,94.67,31.93,
BXP,"BXP, Inc.",(주)비엑스피,부동산·리츠,"BXP, Inc.는 상장된 최대 규모의 개발자이자 소유자입니다.",57.73,62.0,76.36,50.74,-24.4,0.96,33.2,70.05,21.3,56.25,2.62,,61.99,-6.87,,65.06,-11.26,
CHRW,"C.H. Robinson Worldwide, Inc.","C.H. 로빈슨 월드와이드, Inc.",산업재,"C.H. Robinson Worldwide, Inc.와 그 자회사",183.03,60.6,199.91,85.91,-8.4,0.58,37.9,190.32,4.0,178.86,2.33,,169.94,7.7,,141.15,29.67,
CPT,Camden Property Trust,캠든 부동산 신탁,부동산·리츠,S&P 500 기업인 Camden Property Trust는 부동산입니다.,101.75,50.9,116.12,95.56,-12.4,0.72,28.7,114.3,12.3,103.21,-1.42,O,103.67,-1.85,O,105.32,-3.39,
CPB,The Campbell's Company,캠벨 회사,필수 소비재,"The Campbell's Company와 그 자회사, manu",20.62,39.6,34.68,20.0,-40.5,1.16,11.2,24.06,16.7,23.72,-13.06,,25.83,-20.16,,28.37,-27.33,
COF,Capital One Financial Corporation,캐피탈원금융(주),금융 서비스,캐피탈원금융(주)는 금융회사로 운영됩니다.,191.39,46.5,256.96,176.1,-25.5,1.15,58.9,256.52,34.0,196.76,-2.73,,212.7,-10.02,,211.39,-9.46,
CAH,"Cardinal Health, Inc.","추기경 건강, Inc.",헬스케어,"Cardinal Health, Inc.는 의료 서비스 회사로 운영되며",199.85,34.5,229.32,134.32,-12.9,0.95,28.8,248.27,24.2,215.84,-7.41,,209.9,-4.79,,182.34,9.6,
CCL,Carnival Corporation & plc,카니발 코퍼레이션 & plc,경기 소비재,크루즈 회사인 Carnival Corporation & plc는 레저를 제공합니다.,27.17,49.7,33.83,18.26,-19.7,0.64,12.0,34.51,27.0,28.37,-4.22,,28.23,-3.76,,28.11,-3.35,
CARR,Carrier Global Corporation,캐리어글로벌코퍼레이션,산업재,Carrier Global Corporation은 지능형 기후와,60.97,53.3,80.08,50.14,-23.9,0.83,36.1,71.03,16.5,60.52,0.74,O,57.47,6.09,,62.11,-1.83,O
CVNA,Carvana Co.,카르바나(주),경기 소비재,(주)카바나는 자회사와 함께 e-c를 운영하고 있습니다.,409.08,67.8,478.45,235.02,-14.5,0.55,48.3,425.32,4.0,344.16,18.86,,373.41,9.55,,359.13,13.91,
CASY,"Casey's General Stores, Inc.","케이시 잡화점, Inc.",경기 소비재,"Casey's General Stores, Inc. 및 그 자회사",799.55,75.3,799.55,429.51,0.0,0.44,45.9,739.94,-7.5,694.92,15.06,,630.49,26.81,,571.09,40.01,
CAT,Caterpillar Inc.,캐터필러 주식회사,산업재,"Caterpillar Inc.는 건설 및 광산 장비를 제공하며,",830.79,70.5,835.24,303.17,-0.5,1.01,44.2,768.14,-7.5,734.77,13.07,,661.93,25.51,,541.2,53.51,
CBOE,"Cboe Global Markets, Inc.","Cboe 글로벌 마켓, Inc.",금융 서비스,"Cboe Global Markets, Inc.는 자회사를 통해",303.81,58.8,309.38,211.08,-1.8,0.82,29.2,301.64,-0.7,287.78,5.57,,272.2,11.61,,253.71,19.75,
CBRE,"CBRE Group, Inc.","CBRE 그룹, Inc.",부동산·리츠,"CBRE Group, Inc.는 상업용 부동산 서비스를 제공하는 회사입니다.",148.29,56.8,171.61,120.43,-13.6,0.91,33.9,175.75,18.5,145.36,2.02,,152.94,-3.04,,150.55,-1.5,O
COR,"Cencora, Inc.",주식회사 센코라,헬스케어,"Cencora, Inc.는 의약품을 공급 및 유통합니다.",308.19,36.4,374.11,276.4,-17.6,1.14,37.0,402.92,30.7,340.93,-9.6,,345.13,-10.7,,321.02,-4.0,
CNC,Centene Corporation,센텐코퍼레이션,헬스케어,Centene Corporation은 관리형 의료 회사로 운영됩니다.,41.82,69.3,62.92,25.21,-33.5,1.25,,43.47,3.9,38.8,7.79,,39.54,5.76,,39.14,6.84,
CNP,"CenterPoint Energy, Inc.","센터포인트 에너지, Inc.",유틸리티,"CenterPoint Energy, Inc.는 공공 유틸리티 기업으로 운영됩니다.",42.47,46.6,44.14,34.97,-3.8,1.01,26.1,46.12,8.6,42.47,-0.01,O,40.5,4.87,,38.87,9.27,
CF,"CF Industries Holdings, Inc.","CF 인더스트리 홀딩스, Inc.",원자재,"CF Industries Holdings, Inc. 및 그 자회사",120.93,49.5,137.6,75.54,-12.1,0.65,13.5,118.05,-2.4,112.8,7.2,,96.91,24.79,,92.59,30.61,
CRL,"Charles River Laboratories International, Inc.","찰스 리버 연구소 인터내셔널, Inc.",헬스케어,"Charles River Laboratories International, Inc.에서 의약품 제공",169.8,45.9,226.77,114.66,-25.1,0.84,,199.33,17.4,173.13,-1.93,O,183.22,-7.32,,170.73,-0.54,O
SCHW,The Charles Schwab Corporation,찰스 슈왑 코퍼레이션,금융 서비스,Charles Schwab Corporation과 그 자회사,88.5,36.7,106.85,78.42,-17.2,0.99,17.6,115.0,29.9,95.53,-7.36,,96.31,-8.11,,94.24,-6.09,
CVX,Chevron Corporation,쉐브론 코퍼레이션,에너지,Chevron Corporation은 자회사를 통해 다음과 같은 활동에 참여합니다.,185.21,41.3,211.15,129.66,-12.3,0.81,27.9,211.48,14.2,189.74,-2.39,,171.6,7.93,,159.19,16.35,
CMG,"Chipotle Mexican Grill, Inc.","치폴레 멕시칸 그릴, Inc.",경기 소비재,"Chipotle Mexican Grill, Inc. 및 그 자회사",34.21,48.1,58.24,29.81,-41.3,0.93,30.0,43.74,27.9,35.47,-3.54,,35.5,-3.63,,40.84,-16.24,
CB,Chubb Limited,처브 리미티드,금융 서비스,Chubb Limited는 보험 및 재보험 상품을 제공합니다.,326.12,47.7,341.75,265.21,-4.6,1.25,11.5,344.57,5.7,327.47,-0.41,O,313.67,3.97,,296.29,10.07,
CHD,"Church & Dwight Co., Inc.",(주)처치앤드와이트,필수 소비재,"Church & Dwight Co., Inc.는 개발, 제조 및 판매를 담당합니다.",95.02,49.2,105.26,81.26,-9.7,1.15,31.5,101.53,6.9,97.8,-2.84,,91.68,3.64,,92.14,3.12,
CIEN,Ciena Corporation,시에나 주식회사,기술,네트워크 기술 기업인 Ciena Corporation은,520.8,67.8,520.8,64.29,0.0,0.51,333.8,378.11,-27.4,375.47,38.71,,296.53,75.63,,201.86,158.0,
CI,The Cigna Group,시그나 그룹,헬스케어,Cigna 그룹은 자회사와 함께 다음을 제공합니다.,275.64,51.9,332.99,241.71,-17.2,1.11,12.4,338.29,22.7,275.42,0.08,O,272.77,1.05,O,285.19,-3.35,
CINF,Cincinnati Financial Corporation,신시내티 파이낸셜 코퍼레이션,금융 서비스,"신시내티 파이낸셜 코퍼레이션(Cincinnati Financial Corporation), 재산 피해 발생",164.48,53.4,171.64,130.69,-4.2,0.89,10.8,173.33,5.4,162.61,1.15,O,162.21,1.4,O,155.77,5.59,
CSCO,"Cisco Systems, Inc.","시스코 시스템즈, Inc.",기술,"Cisco Systems, Inc.는 기술을 설계, 개발 및 판매합니다.",89.01,69.8,89.8,55.02,-0.9,1.01,32.0,89.09,0.1,80.53,10.53,,77.97,14.16,,72.17,23.34,
C,Citigroup Inc.,씨티그룹 주식회사,금융 서비스,다양한 금융 서비스를 보유한 Citigroup Inc.,127.98,61.1,133.05,66.41,-3.8,0.52,15.8,142.55,11.4,116.23,10.11,,112.82,13.44,,101.04,26.66,
CFG,"Citizens Financial Group, Inc.","시민 금융 그룹, Inc.",금융 서비스,시민금융그룹(주)이 은행지주회사로 운영됩니다.,63.79,55.2,68.12,35.75,-6.4,0.78,15.1,72.82,14.2,62.12,2.69,,59.32,7.54,,53.04,20.26,
CLX,The Clorox Company,클로록스 컴퍼니,필수 소비재,Clorox Company는 소비자 및 전문가를 제조하고 판매합니다.,98.68,40.0,136.16,95.16,-27.5,0.91,16.2,115.47,17.0,110.6,-10.78,,106.48,-7.32,,112.96,-12.64,
CME,CME Group Inc.,CME 그룹 주식회사,금융 서비스,CME Group Inc.는 자회사와 함께 다음과 같은 사업을 운영합니다.,285.06,36.2,318.84,251.63,-10.6,1.01,24.3,308.8,8.3,300.03,-4.99,,283.77,0.45,O,273.63,4.18,
CMS,CMS Energy Corporation,CMS 에너지 공사,유틸리티,CMS Energy Corporation은 기본적으로 에너지 회사로 운영됩니다.,76.27,45.6,79.94,67.06,-4.6,1.21,21.7,81.93,7.4,76.16,0.15,O,73.66,3.54,,71.99,5.94,
KO,The Coca-Cola Company,코카콜라 회사,필수 소비재,음료 회사인 코카콜라 컴퍼니(The Coca-Cola Company)는 음료를 제조하고,76.63,53.2,81.0,64.77,-5.4,0.9,25.2,83.67,9.2,76.94,-0.41,O,73.47,4.3,,70.66,8.45,
CTSH,Cognizant Technology Solutions Corporation,인지 기술 솔루션 회사,기술,전문 기업인 Cognizant Technology Solutions Corporation,55.11,30.2,86.26,55.1,-36.1,1.18,12.1,82.6,49.9,64.35,-14.36,,72.06,-23.52,,72.38,-23.86,
COHR,Coherent Corp.,코히런트 주식회사,기술,"Coherent Corp.는 엔지니어링을 개발, 제조 및 판매합니다.",336.09,65.3,350.47,63.51,-4.1,0.93,332.8,313.5,-6.7,261.38,28.58,,217.61,54.44,,157.8,112.99,
COIN,"Coinbase Global, Inc.","코인베이스 글로벌, Inc.",금융 서비스,"Coinbase Global, Inc.는 암호화폐 자산을 위한 플랫폼을 운영합니다.",199.77,55.8,419.78,141.09,-52.4,0.55,44.9,239.94,20.1,182.52,9.45,,220.75,-9.51,,271.83,-26.51,
CL,Colgate-Palmolive Company,Colgate-Palmolive 회사,필수 소비재,"Colgate-Palmolive Company와 그 자회사, m",84.65,49.1,98.53,74.06,-14.1,1.0,32.2,95.37,12.7,89.15,-5.05,,84.02,0.74,O,83.83,0.98,O
CMCSA,Comcast Corporation,컴캐스트 주식회사,커뮤니케이션 서비스,Comcast Corporation은 미디어 및 기술 회사로 운영됩니다.,27.56,42.5,32.62,24.23,-15.5,2.47,5.4,32.73,18.8,29.72,-7.26,,28.0,-1.56,O,29.03,-5.06,
FIX,"Comfort Systems USA, Inc.","컴포트 시스템 USA, Inc.",산업재,"Comfort Systems USA, Inc.와 그 자회사, p",1726.12,66.6,1773.91,375.15,-2.7,2.25,49.7,1722.25,-0.2,1418.9,21.65,,1205.36,43.2,,931.46,85.31,
CAG,"Conagra Brands, Inc.","코나그라 브랜드, Inc.",필수 소비재,"Conagra Brands, Inc.는 자회사와 함께",14.17,31.6,23.32,14.09,-39.2,0.8,,16.22,14.5,17.03,-16.81,,17.01,-16.68,,17.98,-21.19,
COP,ConocoPhillips,코노코필립스,에너지,"ConocoPhillips는 탐색, 생산, 운송 및 마케팅을 담당합니다.",121.76,49.0,133.8,82.47,-9.0,1.25,19.1,138.0,13.3,118.03,3.16,,105.02,15.93,,97.71,24.61,
ED,"Consolidated Edison, Inc.","통합 에디슨, Inc.",유틸리티,"Consolidated Edison, Inc.는 자회사를 통해 다음과 같은 업무를 수행합니다.",109.06,41.9,115.46,94.04,-5.5,0.79,19.3,111.62,2.3,111.02,-1.76,O,104.87,3.99,,101.83,7.1,
STZ,"Constellation Brands, Inc.","별자리 브랜드, Inc.",필수 소비재,"Constellation Brands, Inc.는 그 자회사와 함께,",156.0,47.8,191.72,126.82,-18.6,0.63,16.2,177.55,13.8,155.95,0.03,O,148.22,5.25,,152.72,2.15,
COO,"The Cooper Companies, Inc.","쿠퍼 컴퍼니즈, Inc.",헬스케어,"Cooper Companies, Inc.는 그 자회사와 함께,",64.42,25.0,84.44,64.32,-23.7,1.21,32.0,91.07,41.4,75.48,-14.66,,76.95,-16.29,,74.39,-13.41,
GLW,Corning Incorporated,코닝 법인,기술,Corning Incorporated는 광통신 분야에서 운영되고 있습니다.,175.89,68.4,175.89,43.23,0.0,1.01,96.1,142.36,-19.1,141.16,24.61,,114.54,53.57,,89.38,96.79,
CPAY,"Corpay, Inc.",주식회사 코페이,기술,"Corpay, Inc.는 비즈니스를 돕는 결제 회사로 운영됩니다.",312.91,48.7,356.38,255.0,-12.2,0.66,20.8,381.77,22.0,318.29,-1.69,O,310.12,0.9,O,313.37,-0.15,O
CTVA,"Corteva, Inc.","코르테바, Inc.",원자재,"Corteva, Inc.는 농업 사업을 운영하고 있습니다. 광고",79.8,43.9,85.46,60.7,-6.6,0.68,45.6,85.52,7.2,78.8,1.27,O,72.78,9.65,,71.33,11.87,
CSGP,"CoStar Group, Inc.",코스타그룹(주),부동산·리츠,"CoStar Group, Inc.는 정보, 분석 및 온라인 서비스를 제공합니다.",36.44,32.7,96.83,36.44,-62.4,0.75,1822.0,59.84,64.2,44.69,-18.46,,55.55,-34.4,,69.45,-47.53,
CTRA,Coterra Energy Inc.,코테라에너지(주),에너지,독립 석유 및 가스 회사인 Coterra Energy Inc.,33.53,54.8,36.31,21.85,-7.7,0.88,15.0,37.38,11.5,31.97,4.89,,28.94,15.88,,26.4,27.03,
CRH,CRH plc,CRH PLC,원자재,CRH plc는 자회사와 함께 빌딩 m을 제공합니다.,118.0,60.9,130.92,87.84,-9.9,0.64,21.4,142.95,21.1,114.11,3.41,,117.39,0.52,O,110.68,6.62,
CCI,Crown Castle Inc.,크라운 캐슬 주식회사,부동산·리츠,"Crown Castle Inc.는 약 40개를 소유, 운영 및 임대합니다.",86.34,52.4,109.95,76.96,-21.5,0.94,36.4,98.52,14.1,85.26,1.27,O,86.24,0.12,O,91.48,-5.61,
CMI,Cummins Inc.,커민스 주식회사,산업재,Cummins Inc.는 전 세계적으로 다양한 전력 솔루션을 제공합니다. c,660.75,75.2,660.75,287.81,0.0,0.66,32.3,643.36,-2.6,578.61,14.2,,544.11,21.44,,457.05,44.57,
CVS,CVS Health Corporation,CVS 건강 공사,헬스케어,CVS Health Corporation은 해당 부서에서 건강 솔루션을 제공합니다.,77.94,57.2,83.14,57.3,-6.3,1.01,56.1,96.58,23.9,75.46,3.29,,76.53,1.84,O,71.98,8.28,
DHR,Danaher Corporation,다나허 주식회사,헬스케어,"Danaher Corporation은 전문 제품을 설계, 제조 및 판매합니다.",177.25,31.9,241.54,177.25,-26.6,1.47,34.4,250.14,41.1,199.66,-11.23,,213.24,-16.88,,206.26,-14.07,
DRI,"Darden Restaurants, Inc.",다든 레스토랑 주식회사,경기 소비재,"Darden Restaurant, Inc.와 그 자회사",201.06,53.4,219.08,166.67,-8.2,0.7,21.2,225.48,12.1,202.7,-0.81,O,193.48,3.92,,196.62,2.26,
DVA,DaVita Inc.,다비타(주),헬스케어,다비타(DaVita Inc.)는 환자에게 신장투석 서비스를 제공합니다.,151.85,53.3,156.76,103.87,-3.1,1.05,16.0,151.71,-0.1,147.75,2.78,,131.61,15.38,,133.85,13.45,
DECK,Deckers Outdoor Corporation,데커스 아웃도어 코퍼레이션,경기 소비재,"Deckers Outdoor Corporation은 자회사와 함께,",108.53,54.3,129.37,79.54,-16.1,0.61,15.4,128.76,18.6,108.51,0.02,O,101.85,6.56,,104.58,3.77,
DE,Deere & Company,디어 앤 컴퍼니,산업재,Deere & Company는 제조 및 유통에 종사합니다.,562.64,41.8,660.56,436.32,-14.8,0.92,31.8,665.1,18.2,588.12,-4.33,,534.16,5.33,,511.02,10.1,
DELL,Dell Technologies Inc.,델 테크놀로지스,기술,"Dell Technologies Inc.는 설계, 개발, 제조, 마크를 제공합니다.",216.09,72.7,216.09,90.39,0.0,0.62,24.9,185.22,-14.3,153.38,40.89,,141.07,53.18,,134.58,60.57,
DAL,"Delta Air Lines, Inc.","델타항공, Inc.",산업재,"Delta Air Lines, Inc.는 정기 항공 운송을 제공합니다.",68.45,51.6,75.15,41.0,-8.9,0.51,10.0,79.45,16.1,67.03,2.13,,66.35,3.17,,60.6,12.96,
DVN,Devon Energy Corporation,데본 에너지 코퍼레이션,에너지,독립적인 에너지 회사인 Devon Energy Corporation,47.94,54.5,52.07,29.5,-7.9,0.82,11.5,58.44,21.9,45.72,4.85,,40.81,17.46,,36.86,30.07,
DLR,"Digital Realty Trust, Inc.","디지털 부동산 신탁, Inc.",부동산·리츠,"Digital Realty Trust, Inc.(Digital Realty 또는 회사) o",200.0,72.2,203.91,146.93,-1.9,2.34,52.9,205.48,2.7,180.19,10.99,,168.83,18.46,,168.57,18.64,
DG,Dollar General Corporation,달러 제너럴 코퍼레이션,필수 소비재,할인 소매업체인 Dollar General Corporation은 VA를 제공합니다.,120.71,42.7,155.5,85.12,-22.4,0.61,17.6,147.21,22.0,135.09,-10.64,,129.83,-7.02,,117.59,2.65,
D,"Dominion Energy, Inc.","도미니언 에너지, Inc.",유틸리티,"Dominion Energy, Inc.는 규제된 전기 및 NAT를 제공합니다.",62.58,51.9,65.81,50.61,-4.9,0.73,18.0,66.35,6.0,62.45,0.21,O,60.69,3.11,,58.78,6.47,
DPZ,"Domino's Pizza, Inc.","도미노피자, Inc.",경기 소비재,"Domino's Pizza, Inc.는 전 세계적으로 피자 회사로 운영되고 있습니다.",367.83,46.3,489.23,348.14,-24.8,1.69,20.9,463.81,26.1,382.88,-3.93,,397.07,-7.36,,421.26,-12.68,
DASH,"DoorDash, Inc.",도어대시(주),경기 소비재,"DoorDash, Inc.는 자회사와 함께",176.78,56.4,281.74,146.6,-37.3,0.5,83.4,251.55,42.3,171.25,3.23,,193.92,-8.84,,218.76,-19.19,
DOV,Dover Corporation,도버 코퍼레이션,산업재,"Dover Corporation은 장비 및 부품, 소비재를 제공합니다.",224.78,59.3,232.78,160.34,-3.4,1.08,28.1,234.05,4.1,217.18,3.5,,205.02,9.64,,190.79,17.82,
DOW,Dow Inc.,다우 주식회사,원자재,다우(Dow Inc.)는 자회사를 통해 다양한 소재를 제공하고 있습니다.,38.66,52.3,41.87,20.03,-7.7,0.81,,41.13,6.4,35.14,10.02,,29.46,31.23,,27.07,42.8,
DHI,"D.R. Horton, Inc.","D.R. 호튼, Inc.",경기 소비재,"D.R. Horton, Inc.는 동부 지역에서 주택 건축 회사로 운영되고 있습니다.",159.9,64.9,182.95,115.9,-12.6,0.78,15.0,165.43,3.5,149.74,6.78,,149.66,6.84,,148.21,7.89,
DTE,DTE Energy Company,DTE 에너지 회사,유틸리티,"DTE Energy Company는 에너지 관련 사업을 영위하고 있으며,",146.88,52.2,150.98,126.65,-2.7,1.33,20.9,160.11,9.0,144.19,1.87,O,137.8,6.59,,135.78,8.18,
DUK,Duke Energy Corporation,듀크 에너지 코퍼레이션,유틸리티,Duke Energy Corporation은 자회사를 통해,127.27,44.2,133.46,108.61,-4.6,0.72,20.2,139.72,9.8,128.16,-0.7,O,123.2,3.3,,120.65,5.49,
DD,"DuPont de Nemours, Inc.","듀폰 드 느무르(DuPont de Nemours, Inc.)",원자재,"DuPont de Nemours, Inc.는 기술 기반 소재를 제공합니다.",46.33,49.8,51.32,26.47,-9.7,0.88,220.6,55.6,20.0,46.87,-1.16,O,43.73,5.95,,37.14,24.75,
ETN,Eaton Corporation plc,이튼 코퍼레이션 plc,산업재,Eaton Corporation plc는 전력 관리 회사로 운영됩니다.,423.92,72.4,424.5,283.52,-0.1,1.14,40.5,412.95,-2.6,373.71,13.44,,356.28,18.99,,355.06,19.39,
EBAY,eBay Inc.,이베이 주식회사,경기 소비재,eBay Inc.는 자회사와 함께 marketpl을 운영합니다.,97.94,50.8,107.13,65.4,-8.6,1.86,23.0,99.93,2.0,91.64,6.87,,88.72,10.39,,86.61,13.09,
SATS,EchoStar Corporation,에코스타 주식회사,커뮤니케이션 서비스,EchoStar Corporation은 미국에서 유료 TV 서비스를 제공합니다.,117.5,44.8,135.11,15.99,-13.0,1.11,,129.6,10.3,115.96,1.33,O,105.93,10.93,,74.91,56.86,
ECL,Ecolab Inc.,이콜랩(주),원자재,"Ecolab Inc.는 물, 위생, 감염 예방을 제공합니다.",269.49,47.0,307.53,235.69,-12.4,0.92,37.0,318.95,18.4,280.7,-3.99,,272.94,-1.27,O,270.25,-0.28,O
EIX,Edison International,에디슨 인터내셔널,유틸리티,Edison International은 자회사를 통해 다음과 같은 활동에 참여합니다.,68.86,39.6,75.82,45.61,-9.2,1.13,6.0,75.75,10.0,70.08,-1.74,O,63.89,7.78,,57.85,19.03,
EW,Edwards Lifesciences Corporation,에드워드 생명과학 주식회사,헬스케어,Edwards Lifesciences Corporation은 제품과 기술을 제공합니다.,84.15,59.6,87.18,72.65,-3.5,2.34,46.5,96.33,14.5,81.3,3.5,,83.01,1.38,O,80.18,4.95,
ELV,"Elevance Health, Inc.","엘레번스 헬스(Elevance Health, Inc.)",헬스케어,"Elevance Health, Inc.와 그 자회사, 오페라",344.76,71.6,419.83,270.1,-17.9,0.97,14.6,382.19,10.9,313.34,10.03,,326.93,5.45,,329.94,4.49,
EME,"EMCOR Group, Inc.","EMCOR 그룹, Inc.",산업재,"EMCOR Group, Inc.는 전기 및 기계 구성을 제공합니다.",869.9,71.5,873.11,399.85,-0.4,1.14,30.9,887.0,2.0,765.07,13.7,,702.5,23.83,,643.93,35.09,
EMR,Emerson Electric Co.,에머슨 일렉트릭(주),산업재,"기술 및 소프트웨어 회사인 Emerson Electric Co.,",141.35,52.5,161.07,102.79,-12.2,0.85,34.6,164.17,16.1,142.2,-0.6,O,139.27,1.5,O,134.95,4.74,
ETR,Entergy Corporation,엔터지 코퍼레이션,유틸리티,Entergy Corporation은 자회사와 함께,113.64,56.7,117.44,78.93,-3.2,0.88,29.1,117.78,3.6,106.35,6.85,,99.96,13.68,,93.15,21.99,
EOG,"EOG Resources, Inc.","EOG 리소스, Inc.",에너지,"EOG Resources, Inc.는 자회사와 함께 다음을 탐색합니다.",133.13,48.0,148.74,100.04,-10.5,0.67,14.6,155.34,16.7,128.9,3.28,,117.09,13.7,,115.08,15.68,
EPAM,"EPAM Systems, Inc.","EPAM 시스템즈, Inc.",기술,"EPAM Systems, Inc.는 디지털 플랫폼 엔지니어링 및",118.98,31.0,221.4,118.98,-46.3,0.98,17.7,187.24,57.4,146.0,-18.51,,172.36,-30.97,,168.9,-29.56,
EQT,EQT Corporation,EQT 주식회사,에너지,"EQT Corporation은 탐사, 생산, 가스 사업에 종사하고 있습니다.",58.91,45.5,67.93,48.25,-13.3,0.98,11.2,69.76,18.4,60.26,-2.24,,57.98,1.6,O,55.9,5.38,
EFX,Equifax Inc.,에퀴팩스(주),산업재,"Equifax Inc.는 데이터, 분석 및 기술 회사로 운영됩니다.",172.47,37.9,278.03,169.5,-38.0,1.03,30.4,230.14,33.4,189.32,-8.9,,201.1,-14.24,,225.46,-23.5,
EQIX,"Equinix, Inc.",에퀴닉스(주),부동산·리츠,"Equinix, Inc.는 무한한 연결성을 향한 길을 단축하고",1108.76,77.3,1115.29,722.15,-0.6,1.26,80.6,1110.59,0.2,963.84,15.04,,867.69,27.78,,834.19,32.91,
EQR,Equity Residential,지분 주거,부동산·리츠,Equity Residential은 다음과 같은 커뮤니티를 만들기 위해 최선을 다하고 있습니다.,62.26,57.0,68.64,57.29,-9.3,0.93,21.2,69.88,12.2,61.12,1.86,O,60.47,2.96,,62.07,0.3,O
ERIE,Erie Indemnity Company,이리 배상 회사,금융 서비스,Erie Indemnity Company는 관리 변호사로 운영됩니다.,233.62,38.1,400.93,233.62,-41.7,1.94,21.4,,,258.17,-9.51,,270.6,-13.67,,304.46,-23.27,
ESS,"Essex Property Trust, Inc.","에식스 부동산 신탁, Inc.",부동산·리츠,"S&P 500 기업인 Essex Property Trust, Inc.는 완전한 기업입니다.",255.37,58.2,283.85,237.05,-10.0,0.9,24.6,278.13,8.9,249.68,2.28,,250.99,1.75,O,257.31,-0.75,O
EL,The Estée Lauder Companies Inc.,에스티로더 컴퍼니즈(Estée Lauder Companies Inc.),필수 소비재,"Estée Lauder Companies Inc.는 제조, 판매 및 서비스를 제공합니다.",77.82,49.0,119.24,56.8,-34.7,0.5,,96.27,23.7,90.69,-14.19,,96.45,-19.32,,90.2,-13.73,
EG,"Everest Group, Ltd.","에베레스트 그룹, Ltd.",금융 서비스,"Everest Group, Ltd.는 자회사와 함께 다음과 같은 서비스를 제공합니다.",343.38,56.5,362.6,303.02,-5.3,0.69,9.1,371.53,8.2,331.44,3.6,,326.53,5.16,,332.22,3.36,
EVRG,"Evergy, Inc.",주식회사 에버리,유틸리티,"Evergy, Inc.는 자회사와 함께 다음 사항에 참여합니다.",81.23,48.2,84.41,61.73,-3.8,0.93,22.2,89.36,10.0,80.88,0.44,O,77.49,4.83,,73.49,10.53,
ES,Eversource Energy,에버소스 에너지,유틸리티,공공 유틸리티 지주 회사인 Eversource Energy가 참여합니다.,68.64,46.6,75.41,55.3,-9.0,0.83,15.1,72.67,5.9,70.38,-2.47,,69.08,-0.64,O,66.77,2.8,
EXE,Expand Energy Corporation,에너지 공사 확장,에너지,Expand Energy Corporation은 독립적인 자연 기업으로 운영됩니다.,96.44,37.7,122.22,92.08,-21.1,0.59,12.7,132.54,37.4,104.49,-7.7,,107.79,-10.53,,105.72,-8.78,
EXPD,"Expeditors International of Washington, Inc.","Expeditors International of Washington, Inc.",산업재,"Expeditors International of Washington, Inc.와 함께",147.56,52.7,165.04,104.9,-10.6,0.8,24.8,139.5,-5.5,148.2,-0.43,O,148.58,-0.68,O,132.72,11.18,
EXR,Extra Space Storage Inc.,엑스트라 스페이스 스토리지 주식회사,부동산·리츠,"Extra Space Storage Inc., 미국 솔트레이크시티에 본사를 두고 있음",142.09,55.7,151.0,123.73,-5.9,1.14,31.0,152.0,7.0,140.01,1.49,O,135.82,4.61,,138.24,2.79,
XOM,Exxon Mobil Corporation,엑슨모빌 주식회사,에너지,Exxon Mobil Corporation은 탐사 및 생산에 참여합니다.,148.91,41.8,171.47,99.35,-13.2,0.61,22.2,164.41,10.4,153.04,-2.7,,136.41,9.17,,122.3,21.75,
FFIV,"F5, Inc.",주식회사 F5,기술,"F5, Inc.는 멀티클라우드 애플리케이션 보안을 제공하고",303.16,53.3,343.17,223.99,-11.7,1.31,25.1,311.3,2.7,287.47,5.46,,270.51,12.07,,288.08,5.23,
FDS,FactSet Research Systems Inc.,FactSet 리서치 시스템즈 주식회사,금융 서비스,FactSet Research Systems Inc.와 그 자회사,224.12,50.2,466.55,189.08,-52.0,0.71,14.4,252.44,12.6,215.34,4.08,,247.64,-9.5,,312.52,-28.29,
FICO,Fair Isaac Corporation,페어 아이작 코퍼레이션,기술,Fair Isaac Corporation은 Am에서 분석 소프트웨어를 제공합니다.,1004.72,41.7,2206.01,922.37,-54.5,0.79,37.2,1641.82,63.4,1213.68,-17.22,,1456.87,-31.04,,1543.33,-34.9,
FRT,Federal Realty Investment Trust,연방부동산투자신탁,부동산·리츠,연방부동산투자신탁(Federal Realty Investment Trust)은 업계에서 인정받는 선두주자입니다.,111.04,62.5,112.53,87.65,-1.3,0.53,23.8,116.05,4.5,105.95,4.8,,101.77,9.11,,97.61,13.76,
FDX,FedEx Corporation,페덱스 주식회사,산업재,FedEx Corporation은 자회사와 함께 다음을 제공합니다.,387.98,60.3,394.59,205.29,-1.7,0.55,20.7,401.89,3.6,366.59,5.84,,324.51,19.56,,275.76,40.7,
FIS,"Fidelity National Information Services, Inc.","피델리티 국립 정보 서비스, Inc.",기술,"Fidelity National Information Services, Inc.가 솔루션을 제공합니다.",45.73,41.1,80.68,43.37,-43.3,0.5,62.6,65.29,42.8,48.77,-6.24,,56.43,-18.96,,64.4,-28.99,
FITB,Fifth Third Bancorp,피프스 서드 뱅코프,금융 서비스,Fifth Third Bancorp는 은행 지주 회사로 운영됩니다.,49.66,55.4,54.59,34.06,-9.0,0.58,16.7,57.3,15.4,48.92,1.52,O,47.23,5.15,,44.18,12.41,
FSLR,"First Solar, Inc.",퍼스트솔라(주),기술,"태양광 기술 기업 First Solar, Inc.가 사진 제공",193.76,47.6,284.59,125.82,-31.9,0.75,13.6,246.03,27.0,206.21,-6.04,,232.0,-16.48,,211.43,-8.36,
FE,FirstEnergy Corp.,퍼스트에너지(주),유틸리티,FirstEnergy Corp.는 자회사와 함께 다음과 같은 업무를 수행합니다.,49.41,44.0,51.91,38.56,-4.8,0.92,28.1,53.29,7.9,49.75,-0.68,O,47.49,4.05,,44.7,10.54,
FISV,"Fiserv, Inc.",주식회사 파이서브,—,—,60.84,54.2,217.1,53.9,-72.0,0.67,9.6,73.71,21.2,59.61,2.06,,62.64,-2.88,,104.7,-41.89,
F,Ford Motor Company,포드 자동차 회사,경기 소비재,"Ford Motor Company는 Ford Tru를 개발, 배송 및 서비스합니다.",12.38,50.8,14.43,9.52,-14.2,0.98,,13.85,11.9,12.72,-2.65,,12.96,-4.5,,12.01,3.1,
FTV,Fortive Corporation,포티브 코퍼레이션,기술,"Fortive Corporation은 설계, 개발, 제조 및 생산합니다.",61.09,66.1,61.85,46.39,-1.2,1.13,38.4,62.27,1.9,57.39,6.45,,55.46,10.15,,52.93,15.42,
FOXA,Fox Corporation,폭스 코퍼레이션,커뮤니케이션 서비스,"Fox Corporation은 뉴스, 스포츠, 연예인으로 운영됩니다.",62.85,54.3,75.74,48.56,-17.0,1.01,15.1,71.0,13.0,60.43,4.01,,64.92,-3.19,,60.96,3.1,
FOX,Fox Corporation,폭스 코퍼레이션,커뮤니케이션 서비스,"Fox Corporation은 뉴스, 스포츠, 연예인으로 운영됩니다.",56.17,52.6,67.4,45.27,-16.7,0.52,13.5,,,54.66,2.77,,58.37,-3.77,,55.13,1.89,O
BEN,"Franklin Resources, Inc.","프랭클린 리소스, Inc.",금융 서비스,"Franklin Resources, Inc.는 공개 자산 투자자입니다.",27.12,63.0,27.75,17.71,-2.3,1.37,25.1,26.68,-1.6,25.59,5.98,,24.37,11.29,,23.53,15.25,
FCX,Freeport-McMoRan Inc.,프리포트-맥모란(Freeport-McMoRan Inc.),원자재,Freeport-McMoRan Inc.는 광물 채굴에 종사합니다.,61.05,44.2,70.36,35.05,-13.2,1.07,32.3,68.95,12.9,62.38,-2.13,,55.41,10.17,,48.6,25.63,
GRMN,Garmin Ltd.,가민 주식회사,기술,"Garmin Ltd.는 제품을 설계, 개발, 제조, 판매 및 판매합니다.",259.39,58.6,267.52,183.76,-3.0,1.05,30.2,262.43,1.2,237.52,9.21,,219.72,18.05,,221.78,16.96,
IT,"Gartner, Inc.","가트너, Inc.",기술,"Gartner, Inc.는 다음에 대한 비즈니스 및 기술 통찰력을 제공합니다.",150.55,44.7,449.52,143.72,-66.5,0.75,15.6,183.69,22.0,159.36,-5.53,,198.09,-24.0,,259.7,-42.03,
GE,GE Aerospace,GE 에어로스페이스,산업재,"GE Aerospace, de로 사업을 하고 있는 General Electric Company",284.6,42.5,345.24,196.37,-17.6,1.5,35.4,350.25,23.1,309.46,-8.03,,306.65,-7.19,,287.55,-1.03,O
GEV,GE Vernova Inc.,GE 베르노바(주),산업재,에너지 회사인 GE Vernova Inc.는 다음 조항에 참여합니다.,1149.19,80.4,1149.53,359.7,-0.0,1.56,33.6,1105.53,-3.8,874.4,31.43,,751.1,53.0,,659.06,74.37,
GEN,Gen Digital Inc.,젠디지털(주),기술,Gen Digital Inc.는 사이버 안전 제공에 참여하므로,19.04,43.2,31.71,17.89,-40.0,0.74,19.6,30.01,57.6,21.18,-10.1,,23.79,-19.98,,26.27,-27.52,
GNRC,Generac Holdings Inc.,Generac 홀딩스 Inc.,산업재,"Generac Holdings Inc.는 설계, 제조 및 유통합니다.",220.93,61.7,236.58,112.67,-6.6,0.92,81.8,247.4,12.0,206.1,7.19,,180.02,22.73,,171.47,28.85,
GD,General Dynamics Corporation,제너럴 다이나믹스 코퍼레이션,산업재,General Dynamics Corporation은 항공우주 및 산업체로 운영됩니다.,313.21,25.9,365.68,264.59,-14.3,0.95,20.3,393.07,25.5,346.83,-9.69,,345.38,-9.31,,325.39,-3.74,
GIS,"General Mills, Inc.","제너럴 밀스, Inc.",필수 소비재,"General Mills, Inc.는 브랜드 소비재를 제조 및 판매합니다.",34.97,35.3,53.69,34.49,-34.9,0.74,8.6,40.58,16.0,40.38,-13.4,,42.63,-17.97,,45.61,-23.34,
GM,General Motors Company,제너럴 모터스 회사,경기 소비재,"General Motors Company는 트럭, CR을 설계, 제작 및 판매합니다.",78.05,52.6,86.18,44.6,-9.4,1.04,23.9,94.15,20.6,78.02,0.04,O,77.49,0.73,O,66.02,18.21,
GPC,Genuine Parts Company,순정부품회사,경기 소비재,순정부품회사는 자동차 및 산업용품을 유통하는 회사입니다.,108.74,47.4,147.91,96.38,-26.5,0.53,252.9,132.43,21.8,116.61,-6.75,,121.89,-10.79,,125.03,-13.03,
GPN,Global Payments Inc.,글로벌페이먼츠(주),산업재,Global Payments Inc.는 결제 기술 및 소프트웨어를 제공합니다.,67.76,45.2,89.18,62.7,-24.0,0.55,15.3,96.48,42.4,71.36,-5.05,,74.11,-8.56,,78.04,-13.17,
GL,Globe Life Inc.,글로브 라이프 주식회사,금융 서비스,글로브라이프(주)는 자회사를 통해 다양한 서비스를 제공하고 있습니다.,152.56,67.9,153.97,116.72,-0.9,1.36,10.6,171.09,12.1,143.36,6.42,,139.71,9.2,,135.17,12.86,
GDDY,GoDaddy Inc.,GoDaddy Inc.,기술,GoDaddy Inc.는 클라우드의 설계 및 개발에 참여합니다.,86.04,52.8,192.36,79.12,-55.3,1.18,13.8,117.67,36.8,87.22,-1.35,O,104.9,-17.98,,131.3,-34.47,
GS,"The Goldman Sachs Group, Inc.","골드만삭스 그룹, Inc.",금융 서비스,"금융 기관인 Goldman Sachs Group, Inc.",926.91,61.7,970.75,533.8,-4.5,0.6,16.9,936.6,1.0,878.6,5.5,,870.74,6.45,,787.39,17.72,
HAL,Halliburton Company,할리버튼 회사,에너지,Halliburton Company는 다음과 같은 제품과 서비스를 제공합니다.,40.36,64.1,40.42,18.84,-0.1,0.92,22.3,41.32,2.4,36.17,11.58,,32.45,24.36,,27.15,48.65,
HIG,"The Hartford Insurance Group, Inc.","하트포드 보험 그룹, Inc.",금융 서비스,"Hartford Insurance Group, Inc. 및 보조금",134.45,42.4,142.92,116.8,-5.9,2.05,9.5,150.2,11.7,137.81,-2.44,,135.37,-0.68,O,130.96,2.66,
HAS,"Hasbro, Inc.",해즈브로(주),경기 소비재,"Hasbro, Inc.는 Unite에서 장난감 및 게임 회사로 운영됩니다.",95.08,53.7,105.21,58.28,-9.6,0.86,,113.47,19.3,94.9,0.19,O,88.2,7.8,,80.52,18.08,
HCA,"HCA Healthcare, Inc.","HCA 헬스케어, Inc.",헬스케어,"HCA Healthcare, Inc.는 자회사를 통해 의료 서비스를 제공합니다.",432.46,25.2,544.32,325.73,-20.6,3.88,14.9,542.67,25.5,505.3,-14.41,,491.43,-12.0,,441.49,-2.05,
DOC,"Healthpeak Properties, Inc.","헬스피크 프로퍼티, Inc.",부동산·리츠,"Healthpeak Properties, Inc.는 Standard & Poor's 500 기업입니다.",16.43,44.1,18.58,15.41,-11.6,1.02,164.3,19.64,19.5,16.83,-2.35,,16.76,-1.99,O,16.87,-2.58,
HSIC,"Henry Schein, Inc.","헨리 샤인, Inc.",헬스케어,"Henry Schein, Inc.는 건강 관리 제품 및 서비스를 제공합니다.",77.54,54.9,83.35,62.03,-7.0,0.86,23.7,90.0,16.1,76.93,0.8,O,75.9,2.16,,72.4,7.1,
HSY,The Hershey Company,허쉬 컴퍼니,필수 소비재,Hershey Company는 자회사와 함께 다음과 같은 활동을 하고 있습니다.,191.48,34.4,236.28,148.02,-19.0,0.84,44.0,224.61,17.3,213.09,-10.14,,197.65,-3.12,,186.01,2.94,
HPE,Hewlett Packard Enterprise Company,휴렛 패커드 엔터프라이즈 회사,기술,Hewlett Packard Enterprise Company 및 보조금,28.16,70.1,28.76,15.78,-2.1,0.68,,26.43,-6.1,23.16,21.61,,22.89,23.01,,21.92,28.45,
HLT,Hilton Worldwide Holdings Inc.,힐튼 월드와이드 홀딩스 Inc.,경기 소비재,숙박업 회사인 Hilton Worldwide Holdings Inc.,335.63,64.0,342.89,218.88,-2.1,1.05,54.9,339.29,1.1,311.38,7.79,,297.21,12.93,,280.24,19.76,
HD,"The Home Depot, Inc.","홈 디포, Inc.",경기 소비재,"Home Depot, Inc.는 주택 개조 소매업체로 운영됩니다.",335.89,46.5,417.91,318.77,-19.6,0.9,23.6,408.21,21.5,353.45,-4.97,,355.22,-5.44,,366.43,-8.33,
HON,Honeywell International Inc.,하니웰인터내셔널(주),산업재,하니웰 인터내셔널(Honeywell International Inc.)은 항공우주 기술 분야에 종사하고 있습니다.,213.17,31.7,248.04,183.77,-14.1,1.24,34.0,251.7,18.1,232.88,-8.46,,215.88,-1.26,O,210.23,1.4,O
HRL,Hormel Foods Corporation,호멜 식품 주식회사,필수 소비재,"Hormel Foods Corporation은 개발, 처리 및 유통합니다.",21.55,47.5,30.04,20.48,-28.3,0.9,24.2,26.75,24.1,22.9,-5.89,,22.85,-5.68,,24.71,-12.8,
HST,"Host Hotels & Resorts, Inc.","호스트 호텔 & 리조트, Inc.",부동산·리츠,"Host Hotels & Resorts, Inc.(이하 호스트)",20.9,62.0,21.29,13.15,-1.8,0.53,19.0,22.0,5.3,19.49,7.23,,18.48,13.09,,17.03,22.69,
HWM,Howmet Aerospace Inc.,하우메트 에어로스페이스(주),산업재,Howmet Aerospace Inc.는 고급 엔지니어링 솔루션을 제공합니다.,242.44,47.8,265.11,133.16,-8.6,0.71,65.3,278.66,14.9,241.9,0.22,O,224.06,8.2,,202.4,19.79,
HPQ,HP Inc.,HP 주식회사,기술,"HP Inc.는 개인용 컴퓨팅, 프린팅, 3D 프린팅,",19.79,53.6,28.26,17.91,-30.0,0.94,7.5,19.43,-1.8,18.95,4.44,,20.89,-5.25,,23.27,-14.95,
HUBB,Hubbell Incorporated,허벨 법인,산업재,"Hubbell Incorporated와 그 자회사, manufa",553.07,64.6,557.85,338.92,-0.9,0.96,33.4,535.77,-3.1,506.04,9.29,,478.58,15.57,,447.35,23.63,
HUM,Humana Inc.,휴마나(주),헬스케어,(주)휴마나는 의료 및 전문 보험 상품을 제공합니다.,215.23,71.3,308.29,162.84,-30.2,0.57,21.9,210.46,-2.2,184.9,16.4,,219.44,-1.92,O,237.51,-9.38,
HBAN,Huntington Bancshares Incorporated,헌팅턴 방크셰어스 법인,금융 서비스,Huntington Bancshares Incorporated는 은행 보유로 운영됩니다.,16.4,50.5,19.08,13.87,-14.0,0.7,12.6,19.64,19.8,16.59,-1.14,O,16.65,-1.52,O,16.39,0.05,O
HII,"Huntington Ingalls Industries, Inc.","헌팅턴 잉걸스 인더스트리즈, Inc.",산업재,"Huntington Ingalls Industries, Inc.는 설계, 제작, 점검을 담당합니다.",359.29,31.1,453.73,217.83,-20.8,1.39,23.4,407.09,13.3,409.14,-12.18,,376.31,-4.52,,316.81,13.41,
IBM,International Business Machines Corporation,국제 비즈니스 기계 공사,기술,"International Business Machines Corporation, i와 함께",231.98,39.0,313.19,223.35,-25.9,1.71,20.5,284.18,22.5,254.25,-8.76,,277.58,-16.43,,271.78,-14.64,
IEX,IDEX Corporation,아이덱스 주식회사,산업재,IDEX Corporation은 자회사와 함께 다음을 제공합니다.,204.74,58.3,214.58,156.29,-4.6,0.73,31.9,222.71,8.8,200.43,2.15,,189.09,8.27,,179.77,13.89,
ITW,Illinois Tool Works Inc.,일리노이 툴 웍스(Illinois Tool Works Inc.),산업재,Illinois Tool Works Inc.는 산업용 제품 및 장비를 제공합니다.,269.29,51.0,297.72,233.34,-9.5,0.97,25.6,275.88,2.4,274.37,-1.85,O,261.15,3.12,,255.47,5.41,
INCY,Incyte Corporation,인사이트 코퍼레이션,헬스케어,바이오제약회사인 Incyte Corporation은,94.65,46.8,110.57,58.97,-14.4,0.86,14.8,107.36,13.4,97.27,-2.69,,99.82,-5.18,,88.46,6.99,
IR,Ingersoll Rand Inc.,잉가솔랜드 주식회사,산업재,"Ingersoll Rand Inc.는 다양한 임무 수행에 필수적인 공기, f를 제공합니다.",83.81,48.5,98.74,73.54,-15.1,1.38,57.8,98.93,18.0,87.91,-4.66,,84.29,-0.57,O,82.95,1.03,O
PODD,Insulet Corporation,인슐렛 코퍼레이션,헬스케어,"Insulet Corporation은 insuli를 개발, 제조 및 판매합니다.",189.56,26.4,352.82,189.56,-46.3,1.35,54.3,333.3,75.8,227.53,-16.69,,264.52,-28.34,,289.55,-34.53,
INTC,Intel Corporation,인텔사,기술,"Intel Corporation은 설계, 개발, 제조, 마케팅,",82.54,82.2,82.54,19.31,0.0,2.54,,55.33,-33.0,50.63,63.02,,45.37,81.94,,35.59,131.91,
IBKR,"Interactive Brokers Group, Inc.","인터랙티브 브로커스 그룹, Inc.",금융 서비스,"Interactive Brokers Group, Inc.는 자동화된 요소로 운영됩니다.",76.62,56.9,81.71,42.05,-6.2,0.63,33.0,85.5,11.6,71.87,6.6,,69.88,9.64,,65.3,17.34,
ICE,"Intercontinental Exchange, Inc.","인터컨티넨탈 익스체인지, Inc.",금융 서비스,"Intercontinental Exchange, Inc.와 그 자회사",158.45,45.6,186.76,144.69,-15.2,1.02,27.5,198.8,25.5,160.72,-1.41,O,160.0,-0.97,O,166.53,-4.85,
IFF,International Flavors & Fragrances Inc.,국제 풍미 및 향수 Inc.,원자재,International Flavors & Fragrances Inc.와 그 회사들,71.14,46.5,82.51,58.84,-13.8,0.68,,88.41,24.3,73.74,-3.53,,70.14,1.42,O,69.28,2.69,
IP,International Paper Company,국제제지회사,경기 소비재,International Paper Company는 재생 가능한 섬유소를 생산 및 판매합니다.,32.65,31.9,53.93,32.65,-39.5,1.18,,42.7,30.8,39.58,-17.52,,39.28,-16.87,,43.0,-24.07,
IVZ,Invesco Ltd.,인베스코(주),금융 서비스,Invesco Ltd.는 공개 투자 관리자입니다. 전나무,25.51,59.1,29.2,13.37,-12.6,1.05,,27.45,7.6,24.96,2.2,,25.35,0.63,O,22.26,14.61,
INVH,Invitation Homes Inc.,초대 주택 주식회사,부동산·리츠,Invitation Homes는 Single-F의 주요 소유자이자 운영자입니다.,27.13,62.9,34.01,24.1,-20.2,0.8,28.3,30.81,13.6,25.77,5.28,,26.36,2.94,,28.24,-3.93,
IQV,IQVIA Holdings Inc.,IQVIA 홀딩스 Inc.,헬스케어,IQVIA Holdings Inc.는 임상 연구 서비스를 제공합니다.,162.28,39.3,244.29,137.0,-33.6,0.78,20.7,231.6,42.7,175.31,-7.43,,201.19,-19.34,,189.43,-14.33,
IRM,Iron Mountain Incorporated,아이언마운틴 법인,부동산·리츠,Iron Mountain Incorporated는 정보 분야의 글로벌 리더입니다.,116.03,63.8,120.53,78.22,-3.7,1.22,236.8,122.73,5.8,105.25,10.24,,96.41,20.35,,96.4,20.37,
JBHT,"J.B. Hunt Transport Services, Inc.","J.B. 헌트 트랜스포트 서비스, Inc.",산업재,"J.B. Hunt Transport Services, Inc.는 육상 운송 서비스를 제공합니다.",248.59,67.6,253.71,128.32,-2.0,0.66,38.6,230.83,-7.1,221.0,12.49,,204.55,21.53,,174.34,42.59,
JBL,Jabil Inc.,자빌 주식회사,기술,"Jabil Inc.는 엔지니어링, 제조 및 공급을 제공합니다.",341.65,78.4,341.65,145.9,0.0,1.24,46.1,302.78,-11.4,271.06,26.04,,247.01,38.32,,226.15,51.07,
JKHY,"Jack Henry & Associates, Inc.","잭 헨리 & 어소시에이츠, Inc.",기술,"Jack Henry & Associates, Inc.는 금융 테크노 기업으로 운영됩니다.",151.15,39.2,191.9,145.25,-21.2,0.78,21.7,199.36,31.9,161.7,-6.52,,169.34,-10.74,,167.67,-9.85,
J,Jacobs Solutions Inc.,제이콥스 솔루션 주식회사,산업재,Jacobs Solutions Inc.는 인프라 및 발전에 참여하고 있습니다.,126.6,45.2,163.62,116.97,-22.6,0.86,33.4,155.87,23.1,132.74,-4.62,,136.25,-7.09,,138.46,-8.57,
JNJ,Johnson & Johnson,존슨 앤 존슨,헬스케어,Johnson & Johnson은 자회사와 함께 다음과 같은 계약을 체결합니다.,227.5,35.5,248.56,142.39,-8.5,0.8,26.4,252.42,11.0,238.97,-4.8,,221.58,2.67,,194.19,17.15,
JCI,Johnson Controls International plc,존슨 컨트롤 인터내셔널 plc,산업재,Johnson Controls International plc와 보조금,141.92,58.9,145.01,79.82,-2.1,0.7,47.6,144.1,1.5,136.11,4.27,,126.16,12.49,,115.78,22.58,
JPM,JPMorgan Chase & Co.,JPMorgan Chase & Co.,금융 서비스,JPMorgan Chase & Co.는 은행 및 금융 기관으로 운영됩니다.,308.28,55.3,332.91,238.58,-7.4,0.58,14.8,339.82,10.2,300.26,2.67,,305.38,0.95,O,295.81,4.22,
KVUE,Kenvue Inc.,켄뷰(주),필수 소비재,Kenvue Inc.는 Uni에서 소비자 건강 회사로 운영됩니다.,17.49,50.3,23.43,13.78,-25.4,0.37,23.0,19.58,11.9,17.82,-1.86,O,17.27,1.28,O,18.39,-4.89,
KEY,KeyCorp,키코프,금융 서비스,KeyCorp는 KeyBank National의 지주 회사로 운영됩니다.,21.63,58.5,22.98,14.08,-5.9,0.96,13.3,24.92,15.2,20.92,3.38,,20.19,7.12,,18.71,15.6,
KEYS,"Keysight Technologies, Inc.","키사이트테크놀로지스, Inc.",기술,"Keysight Technologies, Inc.는 전자 설계 및 기술을 제공합니다.",346.96,75.0,346.96,143.79,0.0,0.94,61.0,315.15,-9.2,282.62,22.77,,241.26,43.81,,203.44,70.55,
KMB,Kimberly-Clark Corporation,킴벌리클라크사,필수 소비재,Kimberly-Clark Corporation은 자회사와 함께,97.85,48.7,137.72,93.05,-28.9,0.74,20.1,114.86,17.4,101.12,-3.23,,100.91,-3.03,,113.04,-13.44,
KIM,Kimco Realty Corporation,킴코 부동산 공사,부동산·리츠,킴코부동산(주)는 부동산투자신탁회사입니다.,23.69,59.1,24.19,19.06,-2.1,1.04,28.9,25.08,5.9,22.71,4.31,,21.4,10.72,,21.11,12.21,
KMI,"Kinder Morgan, Inc.","킨더 모건, Inc.",에너지,"Kinder Morgan, Inc.는 에너지 인프라 회사로 운영됩니다.",31.74,39.1,34.07,25.32,-6.8,0.88,21.3,35.0,10.3,32.48,-2.28,,29.73,6.74,,28.28,12.24,
KKR,KKR & Co. Inc.,KKR&주식회사,금융 서비스,KKR & Co. Inc.는 사모펀드 및 부동산 투자업체입니다.,101.83,58.4,151.45,83.88,-32.8,0.42,43.5,122.61,20.4,96.59,5.43,,111.23,-8.45,,121.99,-16.52,
KR,The Kroger Co.,크로거(주),필수 소비재,Kroger Co.는 미국에서 식품 및 의약품 소매업체로 운영되고 있습니다.,67.23,41.2,75.6,58.98,-11.1,0.78,43.7,75.45,12.2,69.7,-3.55,,66.47,1.14,O,67.2,0.05,O
LHX,"L3Harris Technologies, Inc.","L3Harris Technologies, Inc.",산업재,"L3Harris Technologies, Inc.는 미션 크리티컬 솔루션을 제공합니다.",317.51,27.1,377.17,212.44,-15.8,1.9,37.2,392.16,23.5,352.27,-9.87,,326.52,-2.76,,295.85,7.32,
LH,Labcorp Holdings Inc.,랩코프 홀딩스 주식회사,헬스케어,Labcorp Holdings Inc.는 실험실 서비스를 제공합니다. 그것은 오페라,263.8,44.0,289.43,225.88,-8.9,0.84,25.2,310.06,17.5,272.8,-3.3,,266.17,-0.89,O,264.9,-0.41,O
LVS,Las Vegas Sands Corp.,라스베거스 샌즈 주식회사,경기 소비재,Las Vegas Sands Corp.는 자회사와 함께 다음을 소유하고 있습니다.,52.81,41.3,69.13,35.16,-23.6,1.69,19.5,69.72,32.0,55.18,-4.29,,59.55,-11.32,,54.27,-2.7,
LDOS,"Leidos Holdings, Inc.","레이도스 홀딩스, Inc.",기술,"Leidos Holdings, Inc.와 그 자회사",146.06,29.3,198.61,140.3,-26.5,0.98,13.1,199.21,36.4,168.46,-13.3,,178.89,-18.35,,174.21,-16.16,
LEN,Lennar Corporation,레나르 코퍼레이션,경기 소비재,Lennar Corporation은 자회사와 함께 다음과 같은 사업을 운영하고 있습니다.,94.05,54.1,140.42,84.43,-33.0,0.71,13.5,94.0,-0.1,100.77,-6.67,,108.4,-13.24,,113.29,-16.98,
LII,Lennox International Inc.,레녹스 인터내셔널 주식회사,산업재,"Lennox International Inc.와 그 자회사, d",490.97,51.2,659.2,436.59,-25.5,0.7,21.6,546.12,11.2,505.65,-2.9,,499.86,-1.78,O,531.75,-7.67,
LLY,Eli Lilly and Company,엘리 릴리 앤 컴퍼니,헬스케어,"Eli Lilly and Company는 발견, 개발, 제조 및",883.96,38.3,1108.09,622.32,-20.2,1.57,38.5,1210.55,36.9,973.51,-9.2,,1003.92,-11.95,,882.42,0.17,O
LYV,"Live Nation Entertainment, Inc.","라이브 네이션 엔터테인먼트, Inc.",커뮤니케이션 서비스,"Live Nation Entertainment, Inc.는 라이브 엔터테인먼트로 운영됩니다.",156.64,49.9,174.06,125.61,-10.0,0.83,,183.22,17.0,155.31,0.85,O,147.87,5.93,,150.58,4.02,
LMT,Lockheed Martin Corporation,록히드 마틴사,산업재,항공우주 및 방위 기업인 Lockheed Martin Corporation,513.45,19.2,676.7,402.57,-24.1,2.33,24.9,668.35,30.2,627.0,-18.11,,559.33,-8.2,,508.79,0.92,O
L,Loews Corporation,로우스 코퍼레이션,금융 서비스,Loews Corporation은 자회사를 통해 상업 서비스를 제공합니다.,110.58,54.7,112.42,85.06,-1.6,0.74,13.9,,,108.88,1.57,O,106.58,3.75,,100.24,10.32,
LOW,"Lowe's Companies, Inc.","로우즈 컴퍼니즈, Inc.",경기 소비재,"Lowe's Companies, Inc.는 자회사와 함께",244.45,50.4,286.02,206.76,-14.5,0.84,20.6,285.58,16.8,253.04,-3.39,,249.21,-1.91,O,242.14,0.95,O
LITE,Lumentum Holdings Inc.,루멘텀 홀딩스 주식회사,기술,루멘텀 홀딩스(Lumentum Holdings Inc.)는 광학 및 pH를 제조 및 판매합니다.,881.64,58.1,897.3,58.77,-1.7,0.71,256.3,832.04,-5.6,693.52,27.13,,506.24,74.16,,313.53,181.19,
LYB,LyondellBasell Industries N.V.,LyondellBasell Industries N.V.,원자재,LyondellBasell Industries N.V.는 화학 회사로 운영됩니다.,69.87,46.4,82.38,40.7,-15.2,0.62,,75.82,8.5,66.2,5.54,,55.49,25.91,,53.79,29.89,
MTB,M&T Bank Corporation,M&T은행주식회사,금융 서비스,M&T Bank Corporation은 은행 지주 회사로 운영됩니다.,214.92,50.5,236.36,162.49,-9.1,0.66,12.1,233.76,8.8,216.02,-0.51,O,206.88,3.89,,196.97,9.11,
MPC,Marathon Petroleum Corporation,마라톤 석유 공사,에너지,Marathon Petroleum Corporation과 그 자회사,224.14,48.8,251.91,134.52,-11.0,0.68,17.0,245.24,9.4,217.02,3.28,,199.11,12.57,,185.74,20.68,
MRSH,"Marsh & McLennan Companies, Inc.","마쉬 앤 맥레넌 컴퍼니즈, Inc.",금융 서비스,"전문 서비스 회사인 Marsh & McLennan Companies, Inc.",170.1,44.4,230.45,168.15,-26.2,0.54,21.3,203.19,19.5,176.57,-3.66,,178.75,-4.84,,192.25,-11.52,
MLM,"Martin Marietta Materials, Inc.","마틴 마리에타 머티리얼즈, Inc.",원자재,"천연자원 기반 기업인 Martin Marietta Materials, Inc.",615.3,51.0,707.24,500.22,-13.0,0.59,37.6,694.09,12.8,629.08,-2.19,,627.5,-1.94,O,607.2,1.33,O
MAS,Masco Corporation,마스코 주식회사,산업재,Masco Corporation은 주택 개조 및 건축 전문가를 제공합니다.,74.18,71.8,77.49,58.6,-4.3,1.28,18.4,80.53,8.6,66.69,11.23,,65.52,13.22,,66.42,11.68,
MA,Mastercard Incorporated,마스터카드 법인,금융 서비스,기술 회사인 Mastercard Incorporated는,504.17,47.4,596.25,483.41,-15.4,0.73,30.5,653.28,29.6,513.84,-1.88,O,532.44,-5.31,,551.02,-8.5,
MKC,"McCormick & Company, Incorporated",맥코믹 앤 컴퍼니(McCormick & Company),필수 소비재,"McCormick & Company, Incorporated는 제조, 판매 및",51.53,41.0,75.37,47.95,-31.6,0.37,8.4,62.69,21.7,59.31,-13.12,,62.26,-17.23,,65.56,-21.41,
MCD,McDonald's Corporation,맥도날드 주식회사,경기 소비재,"McDonald's Corporation은 레스토랑을 소유, 운영 및 프랜차이즈하고 있습니다.",299.36,37.6,339.17,280.68,-11.7,1.32,25.1,345.0,15.2,317.63,-5.75,,311.58,-3.92,,305.51,-2.01,
MCK,McKesson Corporation,맥케슨 코퍼레이션,헬스케어,McKesson Corporation은 Uni에서 의료 서비스를 제공합니다.,828.11,31.5,995.69,657.06,-16.8,0.93,23.9,990.87,19.7,902.65,-8.26,,867.06,-4.49,,793.26,4.39,
MDT,Medtronic plc,메드트로닉 PLC,헬스케어,"Medtronic plc는 장치 기반 제품을 개발, 제조 및 판매합니다.",83.32,36.6,103.73,78.19,-19.7,0.78,23.3,109.08,30.9,91.56,-9.0,,94.32,-11.66,,91.48,-8.92,
MRK,"Merck & Co., Inc.","머크 앤 컴퍼니(Merck & Co., Inc.)",헬스케어,"Merck & Co., Inc.는 전 세계적으로 의료 회사로 운영되고 있습니다.",111.9,38.2,123.18,70.89,-9.2,0.77,15.4,129.74,15.9,117.75,-4.97,,108.77,2.87,,94.42,18.52,
MET,"MetLife, Inc.",메트라이프 주식회사,금융 서비스,"금융 서비스 회사인 MetLife, Inc.는 보험 서비스를 제공합니다.",77.7,63.9,82.02,67.7,-5.3,1.03,16.5,89.06,14.6,73.96,5.05,,75.9,2.37,,76.81,1.16,O
MTD,Mettler-Toledo International Inc.,메틀러-톨레도 인터내셔널(Mettler-Toledo International Inc.),헬스케어,Mettler-Toledo International Inc.가 제조 및 공급합니다.,1282.45,47.5,1506.02,1056.58,-14.8,1.04,30.5,1488.31,16.1,1305.94,-1.8,O,1368.31,-6.28,,1307.13,-1.89,O
MGM,MGM Resorts International,MGM 리조트 인터내셔널,경기 소비재,MGM Resorts International은 자회사를 통해,39.54,62.7,39.77,30.72,-0.6,0.99,52.0,42.83,8.3,36.59,8.06,,35.61,11.03,,35.25,12.16,
MCHP,Microchip Technology Incorporated,마이크로칩 테크놀로지 통합,기술,"Microchip Technology Incorporated는 다음을 개발, 제조합니다.",89.44,82.0,90.64,44.59,-1.3,1.25,,87.08,-2.6,72.18,23.92,,67.93,31.66,,66.46,34.59,
MAA,"Mid-America Apartment Communities, Inc.","미드아메리카 아파트 커뮤니티즈(Mid-America Apartment Communities, Inc.)",부동산·리츠,"Mid-America Apartment Communities, Inc.는 S&P 500 회사입니다.",125.66,51.5,160.4,119.11,-21.7,0.57,33.2,142.27,13.2,127.64,-1.55,O,129.3,-2.82,,134.48,-6.56,
TAP,Molson Coors Beverage Company,몰슨 쿠어스 음료 회사,필수 소비재,"Molson Coors Beverage Company는 제조, 판매, 유통을 담당합니다.",42.44,40.0,56.11,41.16,-24.4,1.07,,46.71,10.1,45.96,-7.66,,46.12,-7.97,,47.12,-9.94,
MPWR,"Monolithic Power Systems, Inc.","모놀리식 파워 시스템즈, Inc.",기술,"Monolithic Power Systems, Inc.는 반도체 기반",1632.06,84.1,1632.06,576.37,0.0,1.24,126.6,1410.43,-13.6,1192.63,36.85,,1076.5,51.61,,943.56,72.97,
MCO,Moody's Corporation,무디스 코퍼레이션,금융 서비스,Moody's Corporation은 자회사들과 함께 다음과 같은 사업을 운영하고 있습니다.,456.05,54.9,538.45,411.34,-15.3,0.76,32.7,535.55,17.4,448.97,1.58,O,474.85,-3.96,,482.97,-5.57,
MS,Morgan Stanley,모건스탠리,금융 서비스,금융지주회사인 Morgan Stanley는 다양한 서비스를 제공합니다.,188.07,65.3,191.62,112.58,-1.9,0.72,17.0,198.71,5.7,172.03,9.32,,172.95,8.74,,157.99,19.04,
MOS,The Mosaic Company,모자이크 컴퍼니,원자재,모자이크 컴퍼니(Mosaic Company)는 자회사를 통해 제품을 생산하고 있습니다.,24.0,41.3,36.9,23.19,-35.0,0.92,14.1,30.8,28.3,26.81,-10.49,,25.93,-7.45,,29.64,-19.04,
MSI,"Motorola Solutions, Inc.","모토로라솔루션, Inc.",기술,"Motorola Solutions, Inc.는 공공 안전, 정부,",438.26,44.2,486.28,362.53,-9.9,0.8,34.4,505.45,15.3,447.08,-1.97,O,413.58,5.97,,425.28,3.05,
MSCI,MSCI Inc.,MSCI 주식회사,금융 서비스,MSCI Inc.는 자회사와 함께 연구를 제공합니다.,592.69,62.7,622.3,509.83,-4.8,0.7,33.9,682.62,15.2,555.97,6.61,,562.5,5.37,,560.0,5.84,
NDAQ,"Nasdaq, Inc.","나스닥, Inc.",금융 서비스,"Nasdaq, Inc.는 캘리포니아에 서비스를 제공하는 기술 회사로 운영됩니다.",89.9,59.4,100.66,73.84,-10.7,1.37,27.1,105.93,17.8,85.9,4.65,,89.36,0.61,O,89.07,0.93,O
NTAP,"NetApp, Inc.","넷앱, Inc.",기술,"NetApp, Inc.는 다양한 엔터프라이즈 소프트웨어, 시스템을 제공합니다.",108.71,61.3,124.56,86.19,-12.7,0.7,18.2,117.13,7.7,101.03,7.6,,104.72,3.81,,106.66,1.92,O
NEM,Newmont Corporation,뉴몬트 코퍼레이션,원자재,Newmont Corporation은 금 생산자로 운영됩니다. 그것도 특급,120.7,58.7,131.68,48.04,-8.3,1.5,15.7,141.21,17.0,115.16,4.81,,106.97,12.84,,87.54,37.89,
NWSA,News Corporation,뉴스코퍼레이션,커뮤니케이션 서비스,미디어 및 정보 서비스 회사인 News Corporation은,26.2,64.9,30.9,22.31,-15.2,0.74,34.0,33.92,29.5,24.39,7.41,,25.19,4.0,,26.87,-2.49,
NWS,News Corporation,뉴스코퍼레이션,커뮤니케이션 서비스,미디어 및 정보 서비스 회사인 News Corporation은,30.24,68.1,34.93,25.56,-13.4,0.5,39.3,,,27.76,8.93,,28.71,5.34,,30.68,-1.42,O
NEE,"NextEra Energy, Inc.","NextEra 에너지, Inc.",유틸리티,"NextEra Energy, Inc.는 자회사를 통해 다음을 생성합니다.",95.28,60.5,96.25,64.14,-1.0,1.15,24.2,95.79,0.5,91.66,3.95,,86.81,9.75,,79.92,19.22,
NKE,"NIKE, Inc.","나이키, Inc.",경기 소비재,"NIKE, Inc.는 자회사와 함께 디자인, 개발",44.69,35.2,77.81,42.62,-42.6,0.52,29.4,61.68,38.0,54.73,-18.34,,58.96,-24.2,,63.89,-30.05,
NI,NiSource Inc.,니소스(주),유틸리티,에너지 지주회사인 NiSource Inc.는 정규직으로 운영됩니다.,47.99,56.3,48.47,37.07,-1.0,0.86,24.6,50.14,4.5,46.39,3.44,,44.33,8.26,,42.41,13.15,
NDSN,Nordson Corporation,노드슨 코퍼레이션,산업재,"Nordson Corporation은 전문가를 엔지니어, 제조 및 판매합니다.",282.36,58.6,298.37,185.63,-5.4,0.66,30.6,308.43,9.2,278.41,1.42,O,260.69,8.31,,239.11,18.09,
NSC,Norfolk Southern Corporation,노퍽 서던 코퍼레이션,산업재,Norfolk Southern Corporation 및 그 자회사,319.71,72.0,321.44,215.57,-0.5,0.63,27.0,313.78,-1.9,300.44,6.41,,293.8,8.82,,281.17,13.71,
NTRS,Northern Trust Corporation,노던 트러스트 코퍼레이션,금융 서비스,금융지주회사 노던트러스트(Northern Trust Corporation),164.01,67.7,171.74,89.34,-4.5,1.15,17.2,166.73,1.7,146.1,12.26,,140.92,16.39,,131.17,25.03,
NOC,Northrop Grumman Corporation,노드롭그루먼사,산업재,Northrop Grumman Corporation은 항공우주 및 산업 분야의 기업으로 운영됩니다.,575.11,18.1,768.02,449.08,-25.1,1.31,18.0,721.78,25.5,697.63,-17.56,,641.6,-10.36,,593.7,-3.13,
NRG,"NRG Energy, Inc.","NRG 에너지, Inc.",유틸리티,"NRG Energy, Inc.는 자회사와 함께",159.81,51.8,184.03,104.81,-13.2,0.74,39.9,202.47,26.7,159.26,0.34,O,159.83,-0.01,O,158.3,0.95,O
NUE,Nucor Corporation,뉴코 코퍼레이션,원자재,Nucor Corporation은 Ste의 제조 및 판매에 종사합니다.,214.29,83.1,214.29,106.87,0.0,0.88,28.5,192.55,-10.1,179.25,19.55,,169.65,26.31,,151.52,41.43,
NVR,"NVR, Inc.","NVR, Inc.",경기 소비재,"NVR, Inc.는 미국에서 주택 건설업체로 운영되고 있습니다. 목",6503.95,41.5,8543.0,6369.38,-23.9,0.63,15.9,7070.0,8.7,7063.73,-7.92,,7240.29,-10.17,,7465.21,-12.88,
OXY,Occidental Petroleum Corporation,옥시덴탈석유공사,에너지,Occidental Petroleum Corporation과 그 자회사,57.12,48.4,66.24,37.99,-13.8,0.45,42.3,63.38,11.0,54.61,4.59,,48.02,18.94,,45.75,24.85,
OMC,Omnicom Group Inc.,옴니콤 그룹 주식회사,커뮤니케이션 서비스,Omnicom Group Inc.는 자회사와 함께 다음을 제공합니다.,75.74,44.3,84.95,66.61,-10.8,0.91,,100.9,33.2,76.52,-1.02,O,75.97,-0.3,O,74.59,1.54,O
OKE,"ONEOK, Inc.",㈜원옥,에너지,"ONEOK, Inc.는 gath의 미드스트림 서비스 제공업체로 운영됩니다.",87.5,53.6,93.96,63.44,-6.9,0.71,16.1,93.43,6.8,85.68,2.13,,78.53,11.42,,76.42,14.5,
ORCL,Oracle Corporation,오라클 주식회사,기술,Oracle Corporation은 다음과 같은 제품과 서비스를 제공합니다.,173.28,59.0,325.76,136.0,-46.8,1.1,31.1,243.71,40.6,154.07,12.47,,179.01,-3.2,,208.39,-16.85,
OTIS,Otis Worldwide Corporation,오티스 월드와이드 코퍼레이션,산업재,"Otis Worldwide Corporation은 제조, 설치에 종사합니다.",77.95,41.0,99.66,75.95,-21.8,1.07,21.1,97.5,25.1,84.52,-7.78,,86.43,-9.82,,88.91,-12.33,
PKG,Packaging Corporation of America,미국 포장 공사,경기 소비재,Packaging Corporation of America는 계속해서 제조 및 판매합니다.,212.87,51.3,244.87,175.68,-13.1,1.31,24.8,224.4,5.4,219.99,-3.24,,212.0,0.41,O,205.48,3.6,
PLTR,Palantir Technologies Inc.,Palantir Technologies Inc.,기술,Palantir Technologies Inc.는 소프트웨어 플랫폼을 구축하고 배포합니다.,143.09,48.6,207.18,107.78,-30.9,0.77,227.1,186.47,30.3,144.09,-0.69,O,160.95,-11.1,,159.04,-10.03,
PSKY,Paramount Skydance Corporation,파라마운트 스카이댄스 코퍼레이션,커뮤니케이션 서비스,파라마운트 스카이댄스 코퍼레이션(Paramount Skydance Corporation)은 미디어 및 엔터테이먼트로 운영됩니다.,10.97,52.6,19.55,8.79,-43.9,0.52,365.7,12.93,17.9,10.58,3.69,,12.2,-10.09,,13.2,-16.92,
PH,Parker-Hannifin Corporation,파커-하니핀 주식회사,산업재,Parker-Hannifin Corporation은 모션 및 모션 장치를 제조 및 판매합니다.,974.47,55.1,1023.02,591.34,-4.7,0.76,35.6,1034.83,6.2,956.52,1.88,O,915.1,6.49,,816.03,19.42,
PNR,Pentair plc,펜테어 PLC,산업재,Pentair plc는 미국에서 다양한 워터 솔루션을 제공합니다.,91.75,56.4,111.71,83.73,-17.9,1.91,23.3,110.0,19.9,93.17,-1.52,O,98.9,-7.23,,101.58,-9.68,
PFE,Pfizer Inc.,화이자 주식회사,헬스케어,"Pfizer Inc.는 제품을 발견, 개발, 제조, 판매, 판매합니다.",27.0,47.2,28.55,20.92,-5.4,1.28,19.9,28.93,7.1,27.14,-0.51,O,26.03,3.72,,24.76,9.05,
PCG,PG&E Corporation,PG&E 주식회사,유틸리티,PG&E Corporation은 자회사인 Pacific Gas와 El을 통해,16.61,33.2,19.06,12.9,-12.8,0.98,12.9,22.84,37.5,17.57,-5.47,,16.62,-0.07,O,15.85,4.81,
PM,Philip Morris International Inc.,필립 모리스 인터내셔널 주식회사,필수 소비재,Philip Morris International Inc.는 담배 회사로 운영됩니다.,164.2,51.7,188.12,141.76,-12.7,1.07,23.1,192.6,17.3,170.85,-3.89,,163.51,0.42,O,163.84,0.22,O
PSX,Phillips 66,필립스 66,에너지,Phillips 66은 통합 다운스트림 에너지 공급 장치로 작동합니다.,162.85,47.0,188.28,99.8,-13.5,0.79,15.1,179.53,10.2,163.59,-0.45,O,149.61,8.85,,136.53,19.27,
PNW,Pinnacle West Capital Corporation,피나클 웨스트 캐피털 코퍼레이션,유틸리티,"Pinnacle West Capital Corporation, 자회사 p를 통해",102.3,52.2,104.45,84.16,-2.1,0.75,20.3,105.86,3.5,99.77,2.53,,94.12,8.69,,91.1,12.29,
PNC,"The PNC Financial Services Group, Inc.","PNC 금융 서비스 그룹, Inc.",금융 서비스,"PNC 금융 서비스 그룹(PNC Financial Services Group, Inc.)은 다양한 회사로 운영됩니다.",219.86,54.2,240.63,153.3,-8.6,0.76,12.8,253.32,15.2,216.92,1.35,O,208.46,5.47,,196.75,11.74,
POOL,Pool Corporation,풀 코퍼레이션,산업재,"Pool Corporation은 수영장 용품, 장비를 배포합니다.",232.55,65.4,330.01,198.74,-29.5,1.46,21.4,259.9,11.8,224.23,3.71,,234.14,-0.68,O,268.53,-13.4,
PPG,"PPG Industries, Inc.","PPG 산업, Inc.",원자재,"PPG Industries, Inc.는 페인트를 제조 및 유통합니다.",109.8,50.6,130.81,93.68,-16.1,0.76,15.9,122.1,11.2,113.39,-3.17,,107.59,2.06,,107.72,1.93,O
PPL,PPL Corporation,PPL 주식회사,유틸리티,PPL Corporation은 Appr에 전기와 천연 가스를 제공합니다.,38.75,53.0,39.81,32.49,-2.7,0.99,24.2,42.13,8.7,37.7,2.79,,36.42,6.41,,35.65,8.69,
PFG,"Principal Financial Group, Inc.","주요 금융 그룹, Inc.",금융 서비스,"Principal Financial Group, Inc.는 퇴직금, 자산 m을 제공합니다.",99.34,70.9,99.34,70.72,0.0,1.77,14.3,94.0,-5.4,91.91,8.08,,89.2,11.37,,83.4,19.11,
PG,The Procter & Gamble Company,프록터 앤 갬블 컴퍼니,필수 소비재,Procter & Gamble Company는 브랜드 소비자 패키지를 제공합니다.,148.18,57.1,165.95,136.04,-10.7,1.6,22.0,163.27,10.2,150.48,-1.53,O,146.92,0.86,O,150.14,-1.31,O
PGR,The Progressive Corporation,프로그레시브 코퍼레이션,금융 서비스,Progressive Corporation은 보험 회사로 운영됩니다.,200.89,48.6,271.14,191.44,-25.9,0.71,10.4,230.14,14.6,203.77,-1.41,O,206.87,-2.89,,221.44,-9.28,
PLD,"Prologis, Inc.",프롤로지스(주),부동산·리츠,"Prologis, Inc.는 자체 관리 및 자체 관리 REIT입니다.",142.1,62.5,145.1,98.77,-2.1,0.88,39.8,148.25,4.3,135.84,4.61,,130.92,8.54,,119.75,18.67,
PRU,"Prudential Financial, Inc.","푸르덴셜 파이낸셜, Inc.",금융 서비스,"푸르덴셜 파이낸셜(Prudential Financial, Inc.)은 그 자회사와 함께,",94.21,39.9,117.13,92.0,-19.6,0.96,9.4,100.33,6.5,98.69,-4.54,,103.94,-9.37,,102.52,-8.11,
PEG,Public Service Enterprise Group Incorporated,공익기업그룹 편입,유틸리티,SU를 통해 통합된 공공 서비스 기업 그룹,80.74,47.6,88.01,74.87,-8.3,0.87,19.1,90.36,11.9,82.32,-1.92,O,80.97,-0.28,O,80.89,-0.18,O
PTC,PTC Inc.,PTC 주식회사,기술,"PTC Inc.는 미주, 유럽에서 소프트웨어 회사로 운영되고 있습니다.",137.17,39.6,216.53,133.44,-36.7,1.25,20.2,186.21,35.8,149.8,-8.43,,162.06,-15.36,,178.0,-22.94,
PSA,Public Storage,공용 저장소,부동산·리츠,S&P 500의 회원인 Public Storage는 다음과 같은 REIT입니다.,308.29,62.9,312.17,255.84,-1.2,0.96,34.3,312.5,1.4,290.62,6.08,,279.49,10.3,,281.68,9.45,
PHM,"PulteGroup, Inc.","풀테그룹, Inc.",경기 소비재,"PulteGroup, Inc.는 자회사를 통해 다음과 같은 활동에 참여합니다.",127.56,57.0,142.26,96.78,-10.3,0.9,12.3,135.21,6.0,126.91,0.51,O,124.75,2.25,,121.03,5.39,
PWR,"Quanta Services, Inc.","콴타 서비스, Inc.",산업재,"Quanta Services, Inc.는 인프라 솔루션을 제공합니다.",624.84,68.3,633.44,281.85,-1.4,0.78,91.8,600.67,-3.9,555.3,12.52,,500.27,24.9,,443.38,40.93,
DGX,Quest Diagnostics Incorporated,Quest Diagnostics 통합,헬스케어,Quest Diagnostics Incorporated는 다음과 같은 진단 테스트를 제공합니다.,196.27,48.6,210.99,164.21,-7.0,1.0,21.7,222.56,13.4,198.19,-0.97,O,189.28,3.69,,182.39,7.61,
Q,"Qnity Electronics, Inc.",큐니티전자(주),기술,"큐니티 일렉트로닉스(Qnity Electronics, Inc.)는 다음과 같은 재료와 솔루션을 제공합니다.",144.48,70.8,144.48,73.44,0.0,1.1,42.5,140.5,-2.8,116.96,23.53,,101.89,41.8,,,,
RL,Ralph Lauren Corporation,랄프 로렌 주식회사,경기 소비재,"Ralph Lauren Corporation은 l을 디자인, 마케팅 및 유통합니다.",371.24,53.4,389.52,217.42,-4.7,0.6,25.3,411.26,10.8,357.04,3.98,,354.3,4.78,,323.89,14.62,
RJF,"Raymond James Financial, Inc.","레이먼드 제임스 파이낸셜, Inc.",금융 서비스,"다양한 금융 서비스를 제공하는 Raymond James Financial, Inc.",153.42,57.5,174.67,135.23,-12.2,0.87,14.5,173.17,12.9,152.54,0.58,O,157.3,-2.47,,158.1,-2.96,
RTX,RTX Corporation,RTX 주식회사,산업재,항공우주 및 방위산업 기업인 RTX Corporation은,174.26,24.3,212.16,119.95,-17.9,2.32,32.7,215.06,23.4,198.82,-12.35,,189.99,-8.28,,170.74,2.06,
O,Realty Income Corporation,부동산 소득 공사,부동산·리츠,S&P 500 기업인 Realty Income Corporation은 부동산 회사입니다.,63.33,50.2,67.26,51.86,-5.8,0.79,54.1,68.3,7.8,63.44,-0.17,O,60.12,5.34,,58.0,9.2,
REG,Regency Centers Corporation,리젠시 센터 공사,부동산·리츠,Regency Centers Corporation은 완전히 통합된 부동산 회사입니다.,80.19,61.5,81.12,65.81,-1.1,0.78,28.4,82.84,3.3,76.69,4.57,,72.61,10.44,,71.02,12.92,
RF,Regions Financial Corporation,지역 금융공사,금융 서비스,금융지주회사인 지역금융공사는,27.76,54.6,30.66,19.46,-9.4,0.63,11.5,30.69,10.6,27.68,0.3,O,26.97,2.91,,25.48,8.96,
RSG,"Republic Services, Inc.","리퍼블릭 서비스, Inc.",산업재,"Republic Services, Inc.와 그 자회사",209.79,42.7,255.27,202.94,-17.8,0.65,30.6,245.38,17.0,219.18,-4.28,,215.23,-2.53,,224.8,-6.67,
RMD,ResMed Inc.,레스메드(주),헬스케어,"ResMed Inc.는 개발, 제조, 유통 및 판매를 담당합니다.",219.85,36.1,292.36,219.51,-24.8,0.82,21.7,292.33,33.0,241.03,-8.79,,245.28,-10.37,,254.83,-13.73,
RVTY,"Revvity, Inc.",주식회사 리바이티,헬스케어,"Revvity, Inc.는 건강 과학 솔루션, 기술을 제공합니다.",86.77,41.6,117.66,82.32,-26.3,1.29,42.1,113.93,31.3,93.46,-7.16,,97.13,-10.67,,94.52,-8.2,
HOOD,"Robinhood Markets, Inc.","로빈후드 마켓, Inc.",금융 서비스,"Robinhood Markets, Inc.는 금융 서비스 플랫폼을 운영합니다.",84.71,57.1,152.46,46.62,-44.4,0.62,41.3,101.15,19.4,77.82,8.85,,99.48,-14.85,,101.75,-16.75,
ROK,"Rockwell Automation, Inc.","로크웰 오토메이션, Inc.",산업재,"Rockwell Automation, Inc.와 그 자회사, p",401.18,56.7,428.82,242.82,-6.4,1.27,45.8,421.57,5.1,388.71,3.21,,391.72,2.42,,363.49,10.37,
ROL,"Rollins, Inc.","롤린스, Inc.",경기 소비재,"Rollins, Inc.는 자회사를 통해 해충 및 식품을 제공합니다.",56.6,58.9,65.4,52.46,-13.5,0.87,51.9,62.99,11.3,57.48,-1.54,O,58.8,-3.75,,57.61,-1.75,O
ROP,"Roper Technologies, Inc.","로퍼 테크놀로지스, Inc.",기술,"Roper Technologies, Inc.는 수직형 소프트웨어를 설계 및 개발합니다.",353.4,47.0,578.4,314.73,-38.9,1.13,22.1,456.25,29.1,350.96,0.69,O,393.25,-10.13,,463.16,-23.7,
RCL,Royal Caribbean Cruises Ltd.,로얄 캐리비안 크루즈 주식회사,경기 소비재,Royal Caribbean Cruises Ltd.는 크루즈 회사로 운영됩니다.,265.84,44.5,361.56,208.25,-26.5,0.72,17.0,346.88,30.5,293.27,-9.35,,283.11,-6.1,,294.59,-9.76,
SPGI,S&P Global Inc.,S&P 글로벌 주식회사,금융 서비스,S&P Global Inc.는 자회사와 함께 다음을 제공합니다.,436.79,51.9,560.76,389.85,-22.1,1.04,29.8,534.05,22.3,433.88,0.67,O,471.99,-7.46,,494.41,-11.65,
CRM,"Salesforce, Inc.","세일즈포스, Inc.",기술,"Salesforce, Inc.는 고객 관계 관리 기능을 제공합니다.",178.16,45.6,288.99,164.96,-38.4,0.78,22.8,268.87,50.9,188.75,-5.61,,217.33,-18.02,,236.53,-24.68,
SNDK,Sandisk Corporation,샌디스크 주식회사,기술,"Sandisk Corporation은 데이터를 개발, 제조 및 판매합니다.",989.9,67.9,989.9,32.11,0.0,0.69,,928.05,-6.2,695.88,42.25,,489.19,102.36,,279.54,254.11,
SBAC,SBA Communications Corporation,SBA 커뮤니케이션즈 코퍼레이션,부동산·리츠,SBA Communications Corporation은 선도적인 독립 기업입니다.,219.47,61.8,238.08,165.15,-7.8,0.43,22.4,231.4,5.4,194.34,12.93,,192.18,14.2,,202.4,8.44,
SLB,SLB N.V.,SLB N.V.,에너지,SLB N.V.는 에너지에 대한 기술 제공에 참여하고 있습니다.,56.15,69.6,56.15,31.29,0.0,1.48,24.7,56.36,0.4,50.18,11.9,,44.93,24.98,,39.43,42.39,
STX,Seagate Technology Holdings plc,씨게이트 테크놀로지 홀딩스 plc,기술,Seagate Technology Holdings plc는 다음 사항을 제공합니다.,586.25,75.4,587.62,80.56,-0.2,0.76,66.2,532.57,-9.2,434.72,34.86,,362.41,61.76,,264.62,121.55,
SRE,Sempra,셈프라,유틸리티,Sempra는 UN에서 규제 대상 유틸리티 사업에 종사하고 있습니다.,93.2,42.3,99.75,71.6,-6.6,0.83,33.9,104.41,12.0,93.41,-0.22,O,91.21,2.18,,85.53,8.96,
NOW,"ServiceNow, Inc.","서비스나우, Inc.",기술,"ServiceNow, Inc.는 디지털 업무를 위한 클라우드 기반 솔루션을 제공합니다.",90.17,41.4,208.94,83.0,-56.8,1.49,53.7,147.36,63.4,105.51,-14.54,,131.13,-31.24,,160.91,-43.96,
SHW,The Sherwin-Williams Company,셔윈-윌리엄스 컴퍼니,원자재,Sherwin-Williams Company는 개발에 참여하고 있습니다.,337.7,54.9,373.53,303.53,-9.6,1.07,32.9,379.9,12.5,339.57,-0.55,O,337.99,-0.09,O,342.75,-1.47,O
SPG,"Simon Property Group, Inc.","사이먼 프로퍼티 그룹, Inc.",부동산·리츠,"Simon Property Group, Inc.(NYSE:SPG)는 자체 관리되는",201.16,57.2,207.56,148.79,-3.1,0.73,14.2,208.55,3.7,193.88,3.76,,187.23,7.44,,175.98,14.31,
SWKS,"Skyworks Solutions, Inc.","스카이웍스 솔루션즈, Inc.",기술,"Skyworks Solutions, Inc.와 그 자회사,",63.65,76.2,81.06,52.5,-21.5,1.4,24.4,66.95,5.2,57.41,10.88,,60.67,4.92,,66.24,-3.91,
SJM,The J. M. Smucker Company,J. M. 스머커 컴퍼니,필수 소비재,J. M. Smucker Company는 f 브랜드를 제조 및 판매합니다.,96.07,47.8,116.0,89.53,-17.2,0.69,,118.12,23.0,102.68,-6.44,,101.81,-5.64,,103.08,-6.8,
SW,Smurfit Westrock Plc,스머핏 웨스트록 Plc,경기 소비재,"Smurfit Westrock Plc와 그 자회사, manufa",39.96,44.8,51.84,32.5,-22.9,0.92,30.0,54.54,36.5,42.79,-6.61,,40.23,-0.68,O,41.89,-4.61,
SNA,Snap-on Incorporated,스냅온 통합,산업재,"Snap-on Incorporated는 도구, 장비를 제조 및 판매합니다.",378.42,52.2,390.75,299.62,-3.2,1.53,19.5,377.06,-0.4,373.94,1.2,O,359.94,5.14,,340.7,11.07,
SOLV,Solventum Corporation,솔벤텀 코퍼레이션,헬스케어,"헬스케어 기업 솔벤텀(Solventum Corporation)이 개발, 제조하고 있습니다.",68.52,52.7,86.14,62.49,-20.5,0.49,7.7,84.67,23.6,70.26,-2.48,,74.92,-8.54,,74.07,-7.5,
SO,The Southern Company,남부 회사,유틸리티,Southern Company는 자회사를 통해 다음과 같은 활동에 참여합니다.,93.49,42.7,99.11,82.21,-5.7,0.7,23.8,101.87,9.0,94.57,-1.14,O,91.06,2.67,,90.95,2.79,
LUV,Southwest Airlines Co.,사우스웨스트 항공(주),산업재,Southwest Airlines Co.는 여객 항공사 회사로 운영됩니다.,39.45,46.5,54.56,25.94,-27.7,1.2,26.3,44.34,12.4,44.32,-10.99,,41.09,-4.0,,36.59,7.8,
SWK,"Stanley Black & Decker, Inc.","스탠리 블랙 & 데커, Inc.",산업재,"Stanley Black & Decker, Inc.는 수공구, 전동 공구를 제공합니다.",76.64,58.7,90.95,56.23,-15.7,0.79,28.9,89.22,16.4,77.18,-0.7,O,74.97,2.23,,71.91,6.57,
STT,State Street Corporation,스테이트 스트리트 코퍼레이션,금융 서비스,State Street Corporation은 다양한 금융상품을 제공합니다.,150.74,75.4,153.57,85.0,-1.8,0.65,15.3,156.75,4.0,130.34,15.65,,126.79,18.89,,116.57,29.32,
STLD,"Steel Dynamics, Inc.","스틸 다이나믹스, Inc.",원자재,"Steel Dynamics, Inc.는 자회사와 함께",226.79,79.0,227.46,120.2,-0.3,0.99,24.3,222.52,-1.9,188.88,20.07,,177.52,27.75,,155.33,46.0,
STE,STERIS plc,스테리스 PLC,헬스케어,STERIS plc는 감염 예방 제품 및 서비스를 제공합니다.,221.8,46.2,267.97,212.35,-17.2,0.71,31.0,279.29,25.9,233.38,-4.96,,245.39,-9.61,,242.21,-8.43,
SYK,Stryker Corporation,스트라이커 코퍼레이션,헬스케어,Stryker Corporation은 의료 기술 회사로 운영됩니다.,327.51,38.7,400.53,325.22,-18.2,0.91,39.1,419.11,28.0,351.62,-6.86,,354.9,-7.72,,367.6,-10.9,
SYF,Synchrony Financial,싱크로니 파이낸셜,금융 서비스,싱크로니파이낸셜은 자회사와 함께,76.3,61.9,88.11,50.5,-13.4,1.2,7.9,89.18,16.9,70.76,7.83,,74.83,1.97,O,71.58,6.59,
SYY,Sysco Corporation,시스코 주식회사,필수 소비재,Sysco Corporation은 자회사를 통해,76.56,49.6,90.48,68.05,-15.4,0.69,20.6,88.07,15.0,81.73,-6.33,,77.94,-1.77,O,77.11,-0.71,O
TMUS,"T-Mobile US, Inc.","T-모바일 US, Inc.",커뮤니케이션 서비스,"T-Mobile US, Inc.는 자회사와 함께 다음을 제공합니다.",189.8,37.2,257.78,182.72,-26.4,1.27,19.5,268.35,41.4,206.51,-8.09,,203.13,-6.56,,218.81,-13.26,
TROW,"T. Rowe Price Group, Inc.","T. 로우 프라이스 그룹, Inc.",금융 서비스,"T. Rowe Price Group, Inc.는 공개 투자 회사입니다.",99.06,69.1,107.41,83.61,-7.8,0.68,10.7,94.25,-4.9,92.74,6.82,,97.21,1.9,O,97.7,1.39,O
TPR,"Tapestry, Inc.",주식회사 태피스트리,경기 소비재,태피스트리(주)는 액세서리 및 라이프스타일 브랜드 제품을 제공합니다.,145.89,47.6,160.06,67.33,-8.9,0.71,56.5,160.58,10.1,146.76,-0.59,O,132.69,9.94,,115.93,25.85,
TRGP,Targa Resources Corp.,타르가 자원 공사,에너지,Targa Resources Corp.는 자회사와 함께 다음을 소유하고 있습니다.,240.69,52.5,250.98,144.61,-4.1,0.42,28.3,265.1,10.1,233.2,3.21,,205.15,17.32,,183.65,31.06,
TGT,Target Corporation,타겟코퍼레이션,필수 소비재,Target Corporation은 일반 상품 소매점으로 운영됩니다.,129.26,63.3,132.1,82.84,-2.1,0.65,15.9,125.19,-3.1,117.91,9.63,,106.71,21.13,,100.3,28.87,
TEL,TE Connectivity plc,TE 커넥티비티 PLC,기술,"TE Connectivity plc와 그 자회사, manufac",214.67,44.0,248.24,141.95,-13.5,1.39,21.9,265.0,23.4,218.86,-1.91,O,225.62,-4.85,,209.69,2.38,
TDY,Teledyne Technologies Incorporated,Teledyne Technologies 통합,기술,Teledyne Technologies Incorporated는 구현 기술을 제공합니다.,648.68,54.0,688.59,458.6,-5.8,1.23,32.9,717.92,10.7,645.12,0.55,O,586.53,10.6,,560.9,15.65,
TER,"Teradyne, Inc.",테라다인(주),기술,"Teradyne, Inc.는 설계, 개발, 제조에 종사합니다.",418.08,77.6,418.08,73.51,0.0,1.19,120.5,344.59,-17.6,317.92,31.5,,257.89,62.11,,183.2,128.21,
TPL,Texas Pacific Land Corporation,텍사스 퍼시픽 토지 공사,에너지,Texas Pacific Land Corporation은 토지 및 자원에 종사합니다.,438.91,45.7,539.79,273.25,-18.7,0.52,62.9,445.5,1.5,461.44,-4.88,,384.86,14.04,,359.98,21.93,
TXT,Textron Inc.,텍스트론(주),산업재,"Textron Inc.는 항공기, 방위산업, 산업,",87.96,40.9,100.75,67.87,-12.7,1.12,17.2,99.39,13.0,92.76,-5.17,,89.68,-1.92,O,84.93,3.57,
TMO,Thermo Fisher Scientific Inc.,써모 피셔 사이언티픽(주),헬스케어,Thermo Fisher Scientific Inc.는 생명과학 솔루션을 제공합니다.,469.71,37.2,638.82,389.23,-26.5,1.4,25.8,639.88,36.2,508.93,-7.71,,548.6,-14.38,,505.27,-7.04,
TJX,"The TJX Companies, Inc.","TJX 회사, Inc.",경기 소비재,"TJX Companies, Inc.는 자회사와 함께",157.03,45.7,165.0,120.28,-4.8,0.97,32.2,171.78,9.4,157.28,-0.16,O,154.31,1.77,O,143.18,9.68,
TKO,"TKO Group Holdings, Inc.","TKO 그룹 홀딩스, Inc.",커뮤니케이션 서비스,"TKO Group Holdings, Inc.는 스포츠 및 엔터테인먼트 회사로 운영됩니다.",186.5,40.4,224.06,153.14,-16.8,0.61,82.5,236.5,26.8,201.01,-7.22,,199.15,-6.35,,188.3,-0.96,O
TTD,"The Trade Desk, Inc.","더 트레이드 데스크, Inc.",커뮤니케이션 서비스,"The Trade Desk, Inc.는 다음과 같은 기술 회사로 운영됩니다.",23.97,54.4,89.76,20.09,-73.3,1.19,26.6,30.61,27.7,24.7,-2.95,,31.92,-24.91,,48.0,-50.07,
TSCO,Tractor Supply Company,트랙터 공급 회사,경기 소비재,트랙터 공급 회사는 시골 생활 방식 소매점으로 운영됩니다.,36.74,20.3,62.1,36.74,-40.8,1.7,18.1,48.41,31.8,48.4,-24.08,,50.48,-27.21,,52.94,-30.6,
TT,Trane Technologies plc,Trane Technologies plc,산업재,"Trane Technologies plc는 설계, 제조, 판매 및 서비스를 제공합니다.",486.42,69.3,486.42,340.69,0.0,0.74,37.0,485.62,-0.2,445.41,9.21,,423.53,14.85,,424.04,14.71,
TDG,TransDigm Group Incorporated,트랜스다임그룹 법인,산업재,"TransDigm Group Incorporated가 설계, 생산, 공급합니다.",1148.18,39.5,1516.55,1132.88,-24.3,1.61,36.9,1537.14,33.9,1254.01,-8.44,,1298.92,-11.6,,1323.97,-13.28,
TRV,"The Travelers Companies, Inc.","여행자 회사, Inc.",금융 서비스,"The Travelers Companies, Inc.는 자회사를 통해 프로",302.73,55.4,310.9,247.73,-2.6,1.25,9.0,312.91,3.4,298.59,1.39,O,290.47,4.22,,278.23,8.81,
TRMB,Trimble Inc.,트림블 주식회사,기술,Trimble Inc.는 다음과 같은 기술 솔루션과 플랫폼을 제공합니다.,67.35,51.2,85.24,61.45,-21.0,0.81,38.3,90.58,34.5,66.8,0.82,O,72.75,-7.43,,75.62,-10.93,
TFC,Truist Financial Corporation,트루이스트 파이낸셜 코퍼레이션,금융 서비스,금융 서비스 회사인 Truist Financial Corporation은,50.73,62.4,55.25,35.94,-8.2,0.77,12.6,55.53,9.5,49.12,3.27,,48.31,5.01,,45.34,11.88,
TYL,"Tyler Technologies, Inc.","타일러 테크놀로지스, Inc.",기술,"Tyler Technologies, Inc.는 통합 소프트웨어 및 기술을 제공합니다.",342.03,51.6,611.76,287.04,-44.1,0.87,47.4,438.71,28.3,341.23,0.24,O,398.45,-14.16,,476.65,-28.24,
TSN,"Tyson Foods, Inc.","타이슨 푸드, Inc.",필수 소비재,"Tyson Foods, Inc.는 자회사와 함께 다음과 같은 사업을 운영하고 있습니다.",64.03,51.3,65.64,49.87,-2.5,0.88,114.3,68.54,7.0,63.22,1.27,O,59.96,6.79,,56.74,12.84,
USB,U.S. Bancorp,미국 방코프,금융 서비스,금융 서비스 지주 회사인 U.S. Bancorp는,55.58,54.8,60.07,38.3,-7.5,0.65,11.7,62.95,13.3,54.69,1.62,O,52.78,5.31,,48.85,13.78,
UBER,"Uber Technologies, Inc.","우버 테크놀로지스, Inc.",기술,"Uber Technologies, Inc.는 독점 기술을 개발하고 운영합니다.",74.64,51.1,100.1,69.18,-25.4,0.93,15.8,103.46,38.6,74.08,0.76,O,80.17,-6.89,,86.17,-13.38,
UDR,"UDR, Inc.",(주)유디알,부동산·리츠,"UDR, Inc.는 S&P 500 기업으로 선도적인 다가구 지역입니다.",34.77,49.6,41.81,32.76,-16.8,0.87,30.8,40.52,16.5,35.73,-2.7,,35.4,-1.79,O,36.5,-4.74,
ULTA,"Ulta Beauty, Inc.",얼타뷰티(주),경기 소비재,"Ulta Beauty, Inc.는 다음과 같은 전문 뷰티 소매업체로 운영됩니다.",558.55,51.2,706.82,383.67,-21.0,0.6,21.8,676.21,21.1,602.98,-7.37,,595.04,-6.13,,546.65,2.18,
UNP,Union Pacific Corporation,유니언 퍼시픽 주식회사,산업재,Union Pacific Corporation은 자회사인 Union Pac을 통해,268.7,71.7,271.26,207.71,-0.9,1.15,22.1,275.43,2.5,250.95,7.07,,239.26,12.3,,230.65,16.5,
UAL,"United Airlines Holdings, Inc.","유나이티드 항공 홀딩스, Inc.",산업재,"United Airlines Holdings, Inc.(자회사를 통해)",93.0,46.9,117.53,68.2,-20.9,0.73,8.3,129.25,39.0,99.77,-6.78,,102.67,-9.42,,97.04,-4.17,
UPS,"United Parcel Service, Inc.",유나이티드 소포 서비스(주),산업재,"United Parcel Service, Inc., 패키지 배송 및 물류 서비스",107.02,62.8,118.35,80.05,-9.6,0.87,16.3,112.56,5.2,105.92,1.04,O,101.97,4.95,,95.26,12.34,
URI,"United Rentals, Inc.","유나이티드 렌탈스, Inc.",산업재,"United Rentals, Inc.는 자회사를 통해 다음과 같이 운영됩니다.",974.41,79.3,1015.58,623.68,-4.1,1.89,24.9,977.52,0.3,804.33,21.15,,825.12,18.09,,837.05,16.41,
UNH,UnitedHealth Group Incorporated,UnitedHealth 그룹 통합,헬스케어,UnitedHealth Group Incorporated는 의료 서비스 회사로 운영됩니다.,354.92,81.9,412.61,232.89,-14.0,0.93,26.8,383.77,8.1,290.28,22.27,,308.71,14.97,,308.22,15.15,
UHS,"Universal Health Services, Inc.","유니버설 헬스 서비스, Inc.",헬스케어,"Universal Health Services, Inc.는 자회사를 통해 o",174.35,35.8,243.74,154.5,-28.5,1.36,7.5,247.35,41.9,197.84,-11.87,,209.65,-16.84,,197.62,-11.78,
VLO,Valero Energy Corporation,발레로 에너지 코퍼레이션,에너지,"Valero Energy Corporation은 p를 제조, 판매 및 판매합니다.",235.85,51.3,254.32,110.12,-7.3,0.48,31.2,245.11,3.9,221.83,6.32,,198.02,19.1,,171.45,37.56,
VTR,"Ventas, Inc.","벤타스, Inc.",부동산·리츠,"Ventas, Inc.는 선도적인 S&P 500 부동산 투자 회사입니다.",83.62,50.1,87.44,60.78,-4.4,1.19,154.9,93.1,11.3,83.62,0.0,O,80.33,4.1,,72.85,14.79,
VLTO,Veralto Corporation,베랄토 코퍼레이션,산업재,"Veralto Corporation은 수질 분석, 수처리 서비스를 제공합니다.",88.62,43.1,109.33,84.9,-18.9,0.64,23.6,108.94,22.9,91.63,-3.29,,95.84,-7.53,,99.5,-10.93,
VRSN,"VeriSign, Inc.",베리사인(주),기술,"VeriSign, Inc.는 자회사와 함께 다음과 같은 정보를 제공합니다.",269.2,56.4,303.03,211.49,-11.2,1.89,29.7,280.75,4.3,243.74,10.44,,244.93,9.91,,259.22,3.85,
VZ,Verizon Communications Inc.,버라이존 커뮤니케이션즈(Verizon Communications Inc.),커뮤니케이션 서비스,Verizon Communications Inc.는 자회사를 통해,46.38,43.4,50.62,37.19,-8.4,1.04,11.4,51.58,11.2,47.94,-3.26,,43.55,6.5,,42.06,10.28,
VRT,Vertiv Holdings Co,버티브 홀딩스(Vertiv Holdings Co),산업재,"Vertiv Holdings Co는 비평가를 디자인, 제조 및 서비스합니다.",323.46,67.8,323.46,83.78,0.0,0.95,81.3,324.44,0.3,256.12,26.29,,214.82,50.57,,174.93,84.91,
VTRS,Viatris Inc.,비아트리스 주식회사,헬스케어,Viatris Inc.는 자회사와 함께,14.59,59.3,15.99,7.67,-8.8,1.74,,15.72,7.7,14.28,2.14,,12.9,13.13,,11.09,31.55,
VICI,VICI Properties Inc.,VICI 프로퍼티 주식회사,부동산·리츠,VICI Properties Inc.는 S&P 500 체험형 부동산입니다.,28.42,53.7,32.4,26.61,-12.3,0.9,10.9,34.3,20.7,28.36,0.21,O,28.17,0.89,O,29.55,-3.82,
V,Visa Inc.,비자 주식회사,금융 서비스,Visa Inc.는 UN에서 결제 기술 회사로 운영됩니다.,309.42,49.7,371.15,295.52,-16.6,0.85,29.1,392.64,26.9,313.37,-1.26,O,325.02,-4.8,,336.49,-8.05,
VST,Vistra Corp.,비스트라 주식회사,유틸리티,Vistra Corp.은 자회사와 함께,164.35,56.7,217.32,123.6,-24.4,0.95,75.0,233.95,42.3,159.83,2.83,,164.87,-0.32,O,177.22,-7.26,
VMC,Vulcan Materials Company,Vulcan 재료 회사,원자재,Vulcan Materials Company는 건축을 생산하고 공급합니다.,292.07,56.0,329.75,243.62,-11.4,0.66,35.8,323.5,10.8,290.66,0.48,O,291.86,0.07,O,285.95,2.14,
WRB,W. R. Berkley Corporation,W.R. 버클리 주식회사,금융 서비스,보험 지주 회사인 W. R. Berkley Corporation이 영업을 시작했습니다.,66.53,48.4,77.13,64.49,-13.7,1.04,14.5,67.38,1.3,68.32,-2.61,,69.55,-4.34,,70.33,-5.41,
GWW,"W.W. Grainger, Inc.","W.W. 그레인저, Inc.",산업재,"W.W. Grainger, Inc.는 자회사와 함께 배포합니다.",1147.99,54.8,1202.47,916.45,-4.5,1.23,32.5,1163.47,1.3,1122.6,2.26,,1057.97,8.51,,1033.42,11.09,
WAB,Westinghouse Air Brake Technologies Corporation,웨스팅하우스 에어 브레이크 테크놀로지스 코퍼레이션,산업재,Westinghouse Air Brake Technologies Corporation은 위치를 제공합니다.,267.06,58.4,270.94,182.32,-1.4,0.67,37.7,297.09,11.2,252.21,5.89,,233.3,14.47,,215.87,23.71,
WMT,Walmart Inc.,월마트 Inc.,필수 소비재,Walmart Inc.는 소매 및 도매 사업에 종사하고 있습니다.,129.92,58.9,133.62,93.65,-2.8,0.95,47.6,136.56,5.1,125.62,3.42,,118.29,9.83,,108.73,19.48,
DIS,The Walt Disney Company,월트 디즈니 컴퍼니,커뮤니케이션 서비스,월트 디즈니 컴퍼니(Walt Disney Company)는 엔터테인먼트 회사로 운영됩니다.,102.6,53.5,123.18,89.03,-16.7,0.71,15.1,128.25,25.0,102.38,0.22,O,106.14,-3.34,,110.61,-7.24,
WM,"Waste Management, Inc.","폐기물 관리, Inc.",산업재,"Waste Management, Inc.는 자회사를 통해 다음을 제공합니다.",229.53,50.7,245.53,195.24,-6.5,0.8,34.3,254.72,11.0,231.25,-0.75,O,222.76,3.04,,222.95,2.95,
WAT,Waters Corporation,워터스 코퍼레이션,헬스케어,Waters Corporation은 분석 워크플로우 솔루션을 제공합니다.,309.87,44.8,412.54,277.72,-24.9,1.02,28.8,385.5,24.4,320.41,-3.29,,353.58,-12.36,,337.78,-8.26,
WEC,"WEC Energy Group, Inc.","WEC 에너지 그룹, Inc.",유틸리티,"WEC Energy Group, Inc.는 자회사를 통해 다음과 같은 정보를 제공합니다.",114.6,47.2,118.78,99.76,-3.5,0.84,23.8,125.08,9.1,114.7,-0.08,O,110.87,3.37,,108.7,5.43,
WFC,Wells Fargo & Company,웰스 파고 앤 컴퍼니,금융 서비스,금융 서비스 회사인 Wells Fargo & Company는,79.42,43.3,95.92,67.95,-17.2,0.96,12.3,96.74,21.8,83.19,-4.53,,86.09,-7.75,,82.47,-3.7,
WELL,Welltower Inc.,웰타워(주),부동산·리츠,Welltower Inc.는 S&P 500 기업으로 CEO 자리에 있습니다.,208.75,54.8,214.72,141.71,-2.8,0.89,147.0,229.25,9.8,203.37,2.65,,196.85,6.05,,178.87,16.7,
WST,"West Pharmaceutical Services, Inc.","웨스트 제약 서비스, Inc.",헬스케어,"West Pharmaceutical Services, Inc.는",306.16,77.4,309.7,204.84,-1.1,1.41,41.0,324.33,5.9,250.52,22.21,,260.12,17.7,,250.45,22.25,
WDC,Western Digital Corporation,웨스턴 디지털 코퍼레이션,기술,"Western Digital Corporation은 개발, 제조 및 판매합니다.",404.0,77.1,404.0,40.0,0.0,0.76,38.2,354.96,-12.1,298.9,35.16,,240.56,67.94,,161.21,150.6,
WY,Weyerhaeuser Company,웨이어하우저 컴퍼니,부동산·리츠,세계 최대 민간 기업 중 하나인 Weyerhaeuser Company,25.03,56.0,26.87,20.97,-6.8,0.9,55.6,31.55,26.0,24.75,1.15,O,24.03,4.18,,24.45,2.35,
WSM,"Williams-Sonoma, Inc.","윌리엄스-소노마, Inc.",경기 소비재,"Williams-Sonoma, Inc.는 옴니채널 전문 기업으로 운영됩니다.",190.55,49.7,219.79,149.01,-13.3,0.72,21.6,206.79,8.5,195.36,-2.46,,192.37,-0.95,O,186.69,2.07,
WMB,"The Williams Companies, Inc.","윌리엄스 컴퍼니즈, Inc.",에너지,"The Williams Companies, Inc. 및 그 자회사",72.18,51.6,75.72,55.19,-4.7,0.69,33.7,79.68,10.4,71.88,0.41,O,65.85,9.62,,62.03,16.37,
WTW,Willis Towers Watson Public Limited Company,윌리스 타워스 왓슨 공공 유한 회사,금융 서비스,Willis Towers Watson Public Limited Company는 다음과 같이 운영됩니다.,287.73,45.5,347.81,279.16,-17.3,0.99,17.7,362.37,25.9,295.68,-2.69,,309.13,-6.92,,313.54,-8.23,
WYNN,"Wynn Resorts, Limited","윈 리조트, 리미티드",경기 소비재,"Wynn Resorts, Limited는 통합을 설계, 개발 및 운영합니다.",105.67,51.8,132.8,79.32,-20.4,0.84,33.7,139.83,32.3,106.11,-0.41,O,113.94,-7.26,,111.44,-5.18,
XYL,Xylem Inc.,자일렘(주),산업재,Xylem Inc.는 자회사와 함께 다음과 같은 활동에 참여합니다.,121.46,44.3,152.0,114.21,-20.1,0.93,31.0,154.0,26.8,126.21,-3.77,,133.51,-9.02,,134.68,-9.82,
YUM,"Yum! Brands, Inc.","냠! 브랜드, Inc.",경기 소비재,"냠! Brands, Inc.는 자회사와 함께 다음을 개발합니다.",160.28,51.6,168.16,136.41,-4.7,0.86,28.9,172.04,7.3,159.8,0.3,O,154.96,3.43,,149.61,7.13,
ZBRA,Zebra Technologies Corporation,얼룩말 기술 공사,기술,Zebra Technologies Corporation과 그 자회사,227.71,54.8,341.36,199.3,-33.3,0.89,27.9,326.56,43.4,227.18,0.23,O,239.81,-5.04,,273.9,-16.86,
ZBH,"Zimmer Biomet Holdings, Inc.","짐머 바이오메트 홀딩스, Inc.",헬스케어,"Zimmer Biomet Holdings, Inc. 및 그 자회사",91.26,44.7,106.87,85.48,-14.6,1.48,25.7,102.95,12.8,92.71,-1.56,O,91.78,-0.57,O,94.29,-3.21,
ZTS,Zoetis Inc.,조에티스(주),헬스케어,"Zoetis Inc.는 발견, 개발, 제조에 종사합니다.",116.87,45.5,167.69,112.86,-30.3,1.32,19.4,150.29,28.6,121.32,-3.67,,122.02,-4.22,,136.63,-14.46,
