symbol,display_symbol,name_en,name_local,sector,description,open,high,low,close,prev_close,price,change_pct,gap_pct,candle_body_pct,candle_range_pct,upper_shadow_pct,lower_shadow_pct,candle_type,rsi,high_52w,low_52w,from_high_pct,volume_ratio,trailing_pe,price_to_book,return_on_equity,revenue_growth,market_cap,target_price,upside_pct,macd,macd_signal,macd_hist,macd_state,bollinger_width_pct,bollinger_percent_b,trend,trend_score,ma_60,diff_60,near_60,ma_120,diff_120,near_120,ma_240,diff_240,near_240,near_count,chart_score,technical_score,fundamental_score,theme_score,flow_score,composite_score
058470.KQ,058470,Leeno Industrial Inc.,리노공업,반도체 부품,"반도체 검사용 소켓·핀 제조, 글로벌 점유율 1위",113800.0,124000.0,113800.0,119300.0,112100.0,119300.0,6.42,1.52,4.83,8.96,4.13,0.0,Bullish,56.5,127000.0,34500.0,-6.1,2.86,,,,,,,,2397.0922,2741.4914,-344.3991,Improving,16.76,0.747,Strong Uptrend,5,108238.0,10.22,False,86219.0,38.37,False,67491.0,76.76,False,0,68.0,82.0,50,78.11,75.75,70.19
000250.KQ,000250,"Sam Chun Dang Pharm. Co., Ltd",삼천당제약,제약,삼천당제약 (KOSDAQ150),443000.0,443500.0,412000.0,415500.0,443000.0,415500.0,-6.21,0.0,-6.21,7.11,0.11,0.79,Strong Bearish,37.0,1184000.0,130900.0,-64.9,0.29,,,,,,,,-78695.7323,-77361.6922,-1334.0401,Improving,55.99,0.236,Uptrend,4,650067.0,-36.08,False,452138.0,-8.1,False,318244.0,30.56,False,0,40.0,57.6,50,39.3,40.25,46.32
196170.KQ,196170,Alteogen Inc.,알테오젠,바이오,"피하주사 플랫폼 ALT-B4, ADC 항체-약물 접합체 개발",379500.0,379500.0,366000.0,368500.0,380000.0,368500.0,-3.03,-0.13,-2.9,3.56,0.0,0.66,Strong Bearish,50.1,559000.0,317500.0,-34.1,0.95,,,,,,,,1573.7359,-150.5117,1724.2476,Positive,8.99,0.556,Strong Downtrend,0,371867.0,-0.91,True,425525.0,-13.4,False,426240.0,-13.55,False,1,18.67,67.6,50,34.01,46.0,42.2
028300.KQ,028300,HLB Inc.,HLB,바이오,"리보세라닙 항암 신약 개발, HLB그룹 지주",62200.0,62900.0,60800.0,60800.0,63000.0,60800.0,-3.49,-1.27,-2.25,3.38,1.13,0.0,Strong Bearish,55.5,68200.0,37000.0,-10.9,0.52,,,,,,,,2350.3657,2531.6074,-181.2417,Bearish,31.01,0.564,Strong Uptrend,5,54180.0,12.22,False,52393.0,16.05,False,49345.0,23.21,False,0,68.0,54.0,50,34.01,52.75,54.28
950160.KQ,950160,"Kolon TissueGene, Inc.",코오롱티슈진,바이오,코오롱티슈진 (KOSDAQ150),0.0,102000.0,102000.0,102000.0,107400.0,102000.0,-5.03,-100.0,,,,,Flat,49.2,127000.0,32500.0,-19.7,0.0,,,,,,,,589.9556,504.6909,85.2648,Positive,16.06,0.498,Strong Uptrend,5,101327.0,0.66,True,86986.0,17.26,False,64233.0,58.8,False,1,86.67,70.6,50,34.01,52.75,64.03
086520.KQ,086520,EcoPro Co.,에코프로,이차전지 소재,"에코프로비엠 지주, 이차전지 소재 그룹사",0.0,152900.0,152900.0,152900.0,159900.0,152900.0,-4.38,-100.0,,,,,Flat,49.6,185000.0,38350.0,-17.4,0.0,,,,,,,,2334.8709,1775.8723,558.9986,Positive,18.7,0.527,Uptrend,4,156097.0,-2.05,False,127752.0,19.69,False,90013.0,69.86,False,0,63.0,70.6,50,47.96,52.75,59.02
277810.KQ,277810,Rainbow Robotics Inc.,레인보우로보틱스,로봇,"협동로봇·이족보행로봇 개발, 삼성전자 지분 투자",0.0,664000.0,664000.0,664000.0,664000.0,664000.0,0.0,-100.0,,,,,Flat,59.7,880000.0,253500.0,-24.5,0.0,,,,,,,,7622.7521,-4597.1411,12219.8932,Positive,25.6,0.876,Uptrend,4,668083.0,-0.61,True,567646.0,16.97,False,430031.0,54.41,False,1,74.67,64.6,50,68.0,57.25,64.48
247540.KQ,247540,EcoPro BM Co.,에코프로비엠,이차전지 소재,"NCM 양극재 제조, 전기차 배터리 핵심 소재",214000.0,214000.0,206000.0,206000.0,212500.0,206000.0,-3.06,0.71,-3.74,3.74,0.0,0.0,Strong Bearish,50.5,246000.0,81200.0,-16.3,0.96,,,,,,,,3064.9447,3131.6544,-66.7096,Bearish,13.14,0.493,Strong Uptrend,5,203237.0,1.36,True,182414.0,12.93,False,149125.0,38.14,False,1,86.67,57.0,50,47.96,52.75,62.72
298380.KQ,298380,ABL Bio Inc.,에이비엘바이오,헬스케어,"ABL Bio Inc., a biotech research company, focuses on the development of therapeutic drugs for immuno-oncology and neurod",140000.0,140600.0,134100.0,134800.0,142000.0,134800.0,-5.07,-1.41,-3.71,4.64,0.43,0.5,Strong Bearish,36.4,245500.0,59700.0,-45.1,1.15,,,,,,,,-7497.8185,-6256.6069,-1241.2116,Bearish,22.24,-0.09,Downtrend,2,174432.0,-22.72,False,179804.0,-25.03,False,130752.0,3.1,False,0,23.0,41.0,50,34.74,50.0,37.36
087010.KQ,087010,"Peptron, Inc.",펩트론,바이오,펩트론 (KOSDAQ150),267500.0,275500.0,260000.0,260500.0,270000.0,260500.0,-3.52,-0.93,-2.62,5.79,2.99,0.19,Bearish Rejection,43.9,386000.0,157300.0,-32.5,0.93,,,,,,,,-5385.7127,-6328.5872,942.8745,Positive,14.16,0.315,Neutral,3,280017.0,-6.97,False,277754.0,-6.21,False,266873.0,-2.39,False,0,43.0,68.6,50,34.01,46.0,49.75
039030.KQ,039030,"EO Technics Co., Ltd.",이오테크닉스,기술,"EO Technics Co., Ltd. manufactures and supplies laser processing equipment worldwide. The company offers semiconductor p",502000.0,509000.0,468000.0,468000.0,516000.0,468000.0,-9.3,-2.71,-6.77,8.17,1.39,0.0,Strong Bearish,51.8,516000.0,115000.0,-9.3,1.21,,,,,,,,22053.9642,21789.6068,264.3574,Positive,31.08,0.509,Strong Uptrend,5,423483.0,10.51,False,353721.0,32.31,False,276526.0,69.24,False,0,68.0,73.6,50,63.99,51.0,63.5
141080.KQ,141080,LigaChem Biosciences Inc.,리가켐바이오,헬스케어,"LigaChem Biosciences Inc., a clinical stage biopharmaceutical company, engages in the discovery and development of medic",193700.0,194000.0,183200.0,183400.0,194500.0,183400.0,-5.71,-0.41,-5.32,5.58,0.15,0.1,Strong Bearish,44.8,213500.0,97000.0,-14.1,0.71,,,,,,,,1374.5267,1482.3396,-107.8129,Bearish,24.41,0.373,Uptrend,4,189987.0,-3.47,False,182679.0,0.39,True,157922.0,16.13,False,1,74.67,54.0,50,34.74,52.75,56.39
036930.KQ,036930,"JUSUNG ENGINEERING Co.,Ltd.",주성엔지니어링,반도체 장비,주성엔지니어링 (KOSDAQ150),0.0,126000.0,126000.0,126000.0,125900.0,126000.0,0.08,-100.0,,,,,Flat,76.6,130500.0,26300.0,-3.4,0.0,,,,,,,,17367.7585,13079.6072,4288.1513,Positive,128.94,0.811,Strong Uptrend,5,69458.0,81.4,False,49853.0,152.74,False,40125.0,214.02,False,0,65.0,49.6,50,57.57,55.25,56.06
240810.KQ,240810,Wonik IPS Co.,원익IPS,반도체 장비,ALD·CVD 반도체 증착 장비 전문,0.0,117100.0,117100.0,117100.0,120800.0,117100.0,-3.06,-100.0,,,,,Flat,48.0,137800.0,20950.0,-15.0,0.0,,,,,,,,289.3394,558.0248,-268.6854,Bearish,12.03,0.354,Uptrend,4,118640.0,-1.3,True,94381.0,24.07,False,65501.0,78.78,False,1,74.67,60.0,50,57.57,52.75,61.31
214370.KQ,214370,"Caregen Co., Ltd.",케어젠,헬스케어 서비스,케어젠 (KOSDAQ150),103900.0,110000.0,101000.0,105500.0,106000.0,105500.0,-0.47,-1.98,1.54,8.66,4.33,2.79,Bullish,53.3,150100.0,23400.0,-29.7,0.85,,,,,,,,869.6278,-1074.9878,1944.6156,Positive,36.81,0.717,Uptrend,4,111352.0,-5.26,False,92724.0,13.78,False,70417.0,49.82,False,0,56.0,78.0,50,64.71,57.25,61.73
403870.KQ,403870,"HPSP Co., Ltd.",HPSP,산업재,"HPSP Co., Ltd. manufactures and sells high pressure annealing semiconductor equipment for the semiconductor industry in",54100.0,54800.0,51700.0,52600.0,53400.0,52600.0,-1.5,1.31,-2.77,5.73,1.29,1.66,Bearish,62.4,54800.0,21300.0,-4.0,0.56,,,,,,,,2440.2697,1518.1053,922.1644,Positive,39.85,0.811,Strong Uptrend,5,45492.0,15.62,False,38958.0,35.02,False,33520.0,56.92,False,0,65.0,56.6,50,49.61,51.5,56.24
310210.KQ,310210,"Voronoi, Inc.",보로노이,헬스케어,"Voronoi, Inc. researches, develops, and discovers small molecule kinase inhibitors in South Korea. Its products pipeline",292500.0,304500.0,284000.0,284000.0,296000.0,284000.0,-4.05,-1.18,-2.91,7.01,4.1,0.0,Bearish Rejection,44.9,363500.0,91700.0,-21.9,1.02,,,,,,,,278.8713,1920.3769,-1641.5055,Bearish,22.86,0.33,Uptrend,4,290067.0,-2.09,False,253345.0,12.1,False,192736.0,47.35,False,0,63.0,58.0,50,34.74,56.75,54.29
108490.KQ,108490,"ROBOTIS Co., Ltd.",로보티즈,기술,"ROBOTIS Co., Ltd. provides robotic solutions in South Korea. It provides autonomous indoor robot that offers small goods",0.0,316500.0,316500.0,316500.0,328500.0,316500.0,-3.65,-100.0,,,,,Flat,60.2,348000.0,33207.0,-9.1,0.0,,,,,,,,17623.6727,10663.3477,6960.325,Positive,48.72,0.814,Strong Uptrend,5,268833.0,17.73,False,261928.0,20.83,False,180866.0,74.99,False,0,68.0,59.6,50,63.99,47.0,59.6
440110.KQ,440110,FADU Inc.,파두,기술,"FADU Inc., a fabless semiconductor company, develops and manufactures flash controller architecture for solid-state driv",85000.0,89300.0,77100.0,78200.0,81500.0,78200.0,-4.05,4.29,-8.0,14.35,5.06,1.29,Bearish,69.0,81600.0,10100.0,-4.2,1.96,,,,,,,,6547.5172,4215.7735,2331.7437,Positive,68.65,0.865,Strong Uptrend,5,56845.0,37.57,False,39947.0,95.76,False,27497.0,184.39,False,0,65.0,55.6,50,63.99,58.5,58.85
095340.KQ,095340,"ISC Co., Ltd.",ISC,반도체 장비,ISC (KOSDAQ150),243000.0,249000.0,240500.0,242500.0,244000.0,242500.0,-0.61,-0.41,-0.21,3.5,2.47,0.82,Long Upper Doji,54.8,271000.0,48750.0,-10.5,0.46,,,,,,,,4618.9674,5394.8487,-775.8814,Improving,22.05,0.593,Strong Uptrend,5,211383.0,14.72,False,157199.0,54.26,False,110313.0,119.83,False,0,68.0,66.2,50,57.57,57.25,61.31
263750.KQ,263750,Pearl Abyss Corp.,펄어비스,게임,"검은사막 개발사, 자체 엔진 기반 MMORPG",60400.0,61900.0,58700.0,58900.0,59900.0,58900.0,-1.67,0.83,-2.48,5.3,2.48,0.33,Bearish Rejection,52.6,72000.0,29500.0,-18.2,0.73,,,,,,,,505.5714,215.2154,290.356,Positive,17.1,0.649,Strong Uptrend,5,56502.0,4.24,False,47932.0,22.88,False,42406.0,38.9,False,0,75.0,65.6,50,33.69,57.25,59.68
032820.KQ,032820,"Woori Technology, Inc.",우리기술,우주항공·방산,우리기술 (KOSDAQ150),0.0,21600.0,21600.0,21600.0,22300.0,21600.0,-3.14,-100.0,,,,,Flat,48.4,29300.0,1808.0,-26.3,0.0,,,,,,,,332.5968,503.7227,-171.126,Bearish,17.9,0.385,Strong Uptrend,5,19570.0,10.37,False,12110.0,78.36,False,7897.0,173.52,False,0,68.0,60.0,50,38.12,52.75,56.39
226950.KQ,226950,"OliX Pharmaceuticals, Inc",올릭스,헬스케어,"OliX Pharmaceuticals, Inc., a clinical stage pharmaceutical company, focuses on developing RNA interference (RNAi) thera",182500.0,182500.0,171100.0,172500.0,184600.0,172500.0,-6.55,-1.14,-5.48,6.25,0.0,0.77,Strong Bearish,48.7,207000.0,34800.0,-16.7,1.01,,,,,,,,2085.625,855.9922,1229.6328,Positive,26.06,0.549,Strong Uptrend,5,168318.0,2.48,False,151505.0,13.86,False,107158.0,60.98,False,0,75.0,67.6,50,34.74,56.75,60.29
357780.KQ,357780,Solbrain Co.,솔브레인,반도체 소재,"반도체·디스플레이용 화학 소재, 식각액·CMP슬러리",475000.0,478500.0,456500.0,458000.0,479000.0,458000.0,-4.38,-0.84,-3.58,4.63,0.74,0.32,Strong Bearish,56.3,501000.0,156000.0,-8.6,0.74,,,,,,,,17693.5882,13141.2513,4552.3369,Positive,32.48,0.678,Strong Uptrend,5,424592.0,7.87,False,354079.0,29.35,False,286813.0,59.69,False,0,68.0,64.6,50,53.89,47.0,59.33
237690.KQ,237690,"ST Pharm Co.,Ltd.",에스티팜,제약,에스티팜 (KOSDAQ150),161700.0,162100.0,150900.0,152500.0,163400.0,152500.0,-6.67,-1.04,-5.69,6.93,0.25,0.99,Strong Bearish,52.1,168700.0,71600.0,-9.6,1.59,,,,,,,,2975.4691,774.4248,2201.0443,Positive,26.61,0.659,Strong Uptrend,5,150118.0,1.59,True,135012.0,12.95,False,111330.0,36.98,False,1,86.67,73.6,50,39.3,58.5,66.15
214150.KQ,214150,Classys Inc.,클래시스,의료기기,"비침습 미용 의료기기, 슈링크·볼뉴머 글로벌 판매",57400.0,57700.0,55000.0,55600.0,57500.0,55600.0,-3.3,-0.17,-3.14,4.7,0.52,1.05,Strong Bearish,48.0,75600.0,46500.0,-26.5,0.85,,,,,,,,783.159,622.3215,160.8376,Positive,19.8,0.486,Neutral,3,58028.0,-4.18,False,57532.0,-3.36,False,56808.0,-2.13,False,0,51.0,67.6,50,32.9,52.75,52.41
347850.KQ,347850,D&D Pharmatech,디앤디파마텍,헬스케어,D&D Pharmatech Inc. engages in the research and development and manufacturing of pharmaceuticals in South Korea. It deve,77800.0,78200.0,73600.0,74200.0,77500.0,74200.0,-4.26,0.39,-4.63,5.91,0.51,0.77,Strong Bearish,44.6,110000.0,14789.0,-32.5,0.76,,,,,,,,282.5643,195.4811,87.0832,Positive,27.51,0.408,Downtrend,2,79800.0,-7.02,False,85417.0,-13.13,False,60555.0,22.53,False,0,24.0,64.6,50,34.74,46.0,43.16
064760.KQ,064760,TCSemiconductor Co.,티씨케이,반도체 부품,"식각 공정용 SiC 링·포커스링 제조, 고순도 세라믹",318000.0,318000.0,293000.0,294000.0,316000.0,294000.0,-6.96,0.63,-7.55,7.86,0.0,0.31,Strong Bearish,58.4,316000.0,82300.0,-7.0,0.73,,,,,,,,19888.3797,17804.1271,2084.2527,Positive,50.97,0.657,Strong Uptrend,5,240617.0,22.19,False,199903.0,47.07,False,159806.0,83.97,False,0,68.0,64.6,50,78.11,47.0,62.97
319400.KQ,319400,"HYUNDAI MOVEX Co., Ltd.",현대무벡스,금융 서비스,"HYUNDAI MOVEX Co., Ltd. operates in the information technology (IT) and logistics system businesses in South Korea and i",32800.0,32850.0,30800.0,31350.0,31800.0,31350.0,-1.42,3.14,-4.42,6.25,0.15,1.68,Strong Bearish,56.3,46350.0,3855.0,-32.4,0.95,,,,,,,,687.3032,518.0552,169.248,Positive,24.49,0.681,Uptrend,4,29990.0,4.53,False,23888.0,31.24,False,15073.0,107.99,False,0,55.0,67.6,50,58.06,50.5,57.16
214450.KQ,214450,PharmaResearch Co.,파마리서치,의약품,DNA 단편(PDRN) 기반 조직재생 의약품·화장품,323500.0,325000.0,313000.0,313500.0,322000.0,313500.0,-2.64,0.47,-3.09,3.71,0.46,0.15,Strong Bearish,50.1,711000.0,282500.0,-55.9,1.25,,,,,,,,1234.7173,-2206.8323,3441.5495,Positive,17.46,0.655,Strong Downtrend,0,324733.0,-3.46,False,379150.0,-17.32,False,466119.0,-32.74,False,0,0.0,73.6,50,1.52,44.25,33.05
145020.KQ,145020,"Hugel, Inc.",휴젤,헬스케어,"Hugel, Inc. develops and manufactures biopharmaceuticals in South Korea and internationally. The company offers Botulinu",261500.0,264500.0,252500.0,252500.0,263000.0,252500.0,-3.99,-0.57,-3.44,4.59,1.15,0.0,Strong Bearish,46.0,388000.0,214000.0,-34.9,1.43,,,,,,,,2409.9834,2723.8731,-313.8898,Bearish,15.24,0.372,Downtrend,2,256650.0,-1.62,True,245612.0,2.8,False,286571.0,-11.89,False,1,42.67,63.0,50,34.74,50.0,48.76
178320.KQ,178320,"Seojin System Co.,Ltd",서진시스템,기술,"Seojin System Co.,Ltd provides telecom equipment, repeaters, mechanical products, and LED and other equipment. The compa",56800.0,61000.0,55400.0,59500.0,56700.0,59500.0,4.94,0.18,4.75,9.86,2.64,2.46,Bullish,67.7,59500.0,18650.0,0.0,1.29,,,,,,,,3008.6164,2408.9958,599.6206,Bullish,36.49,1.023,Strong Uptrend,5,44507.0,33.69,False,35586.0,67.2,False,28888.0,105.97,False,0,65.0,72.4,50,63.99,68.25,64.02
100790.KQ,100790,"Mirae Asset Venture Investment Co., Ltd.",미래에셋벤처투자,벤처투자,미래에셋벤처투자 (KOSDAQ150),0.0,52400.0,52400.0,52400.0,57000.0,52400.0,-8.07,-100.0,,,,,Flat,63.7,62400.0,4700.0,-16.0,0.0,,,,,,,,8535.591,7616.5292,919.0618,Positive,123.41,0.672,Strong Uptrend,5,29998.0,74.68,False,20809.0,151.81,False,13793.0,279.9,False,0,68.0,65.6,50,18.4,52.75,54.83
084370.KQ,084370,"Eugene Technology Co.,Ltd.",유진테크,반도체 장비,유진테크 (KOSDAQ150),138400.0,140000.0,127000.0,130000.0,140000.0,130000.0,-7.14,-1.14,-6.07,9.39,1.16,2.17,Bearish,50.2,148000.0,31150.0,-12.2,2.43,,,,,,,,3490.9074,3151.9346,338.9728,Positive,19.93,0.496,Strong Uptrend,5,124220.0,4.65,False,104030.0,24.96,False,77700.0,67.31,False,0,75.0,76.6,50,57.57,64.25,66.71
222800.KQ,222800,"SIMMTECH Co., Ltd.",심텍,기술,"SIMMTECH Co., Ltd. engages in the developing and manufacturing of high-layer printed circuit boards (PCBs) for semicondu",88500.0,92900.0,86000.0,87000.0,89300.0,87000.0,-2.58,-0.9,-1.69,7.8,4.97,1.13,Bearish Rejection,68.7,89300.0,15740.0,-2.6,0.61,,,,,,,,8166.514,7153.8727,1012.6413,Positive,64.23,0.762,Strong Uptrend,5,61010.0,42.6,False,56683.0,53.49,False,43157.0,101.59,False,0,65.0,50.6,50,63.99,47.0,56.45
005290.KQ,005290,Dongjin Semichem Co.,동진쎄미켐,반도체 소재,감광재(PR)·반도체 공정 화학재료 제조,0.0,56600.0,56600.0,56600.0,58400.0,56600.0,-3.08,-100.0,,,,,Flat,54.6,63200.0,27600.0,-10.4,0.0,,,,,,,,2778.7634,2476.505,302.2584,Positive,43.43,0.615,Strong Uptrend,5,51752.0,9.37,False,45108.0,25.48,False,39350.0,43.84,False,0,68.0,70.6,50,53.89,52.75,61.41
083650.KQ,083650,"BHI Co., Ltd.",비에이치아이,에너지 장비·서비스,비에이치아이 (KOSDAQ150),0.0,97500.0,97500.0,97500.0,99900.0,97500.0,-2.4,-100.0,,,,,Flat,52.1,109500.0,21250.0,-11.0,0.0,,,,,,,,1327.4883,1247.3021,80.1862,Positive,15.0,0.633,Strong Uptrend,5,92207.0,5.74,False,72725.0,34.07,False,58411.0,66.92,False,0,68.0,70.6,50,63.2,52.75,62.8
043260.KQ,043260,Sungho Electronics Corp.,성호전자,전기제품,성호전자 (KOSDAQ150),43800.0,44350.0,40800.0,40900.0,43800.0,40900.0,-6.62,0.0,-6.62,8.11,1.26,0.23,Strong Bearish,44.0,53200.0,1027.0,-23.1,0.66,,,,,,,,551.1796,2000.2212,-1449.0416,Bearish,39.16,0.193,Strong Uptrend,5,38369.0,6.6,False,22869.0,78.84,False,12035.0,239.84,False,0,68.0,51.0,50,69.01,52.75,58.78
058610.KQ,058610,"SPG Co., Ltd.",에스피지,전기제품,에스피지 (KOSDAQ150),0.0,127600.0,127600.0,127600.0,130100.0,127600.0,-1.92,-100.0,,,,,Flat,58.5,158100.0,23150.0,-19.3,0.0,,,,,,,,3354.845,751.4286,2603.4164,Positive,32.94,0.822,Strong Uptrend,5,124628.0,2.38,False,99452.0,28.3,False,63225.0,101.82,False,0,75.0,64.6,50,69.01,57.25,64.73
031980.KQ,031980,PSK HOLDINGS Inc.,피에스케이홀딩스,반도체 장비,피에스케이홀딩스 (KOSDAQ150),130500.0,131700.0,123700.0,124300.0,130400.0,124300.0,-4.68,0.08,-4.75,6.13,0.92,0.46,Strong Bearish,59.5,132800.0,30600.0,-6.4,0.62,,,,,,,,6616.3089,5324.2733,1292.0356,Positive,39.51,0.782,Strong Uptrend,5,99388.0,25.07,False,74833.0,66.1,False,56506.0,119.98,False,0,68.0,64.6,50,57.57,47.0,59.89
098460.KQ,098460,Koh Young Technology Inc.,고영,기술,Koh Young Technology Inc. engages in the manufacturing and sale of automated inspection and precise measurement systems,0.0,40250.0,40250.0,40250.0,41950.0,40250.0,-4.05,-100.0,,,,,Flat,65.1,43500.0,12870.0,-7.5,0.0,,,,,,,,3330.841,2063.8267,1267.0142,Positive,73.87,0.833,Strong Uptrend,5,30925.0,30.15,False,27901.0,44.26,False,21730.0,85.23,False,0,68.0,59.6,50,63.99,47.0,59.6
140410.KQ,140410,"Mezzion Pharma Co.,Ltd.",메지온,식품,메지온 (KOSDAQ150),96000.0,99900.0,81500.0,87700.0,96000.0,87700.0,-8.65,0.0,-8.65,19.17,4.06,6.46,Bearish,43.1,172700.0,36400.0,-49.2,4.01,,,,,,,,-2065.6692,-3330.318,1264.6487,Positive,15.85,0.378,Neutral,3,110627.0,-20.72,False,100036.0,-12.33,False,73026.0,20.09,False,0,28.0,72.6,50,0.0,57.5,42.3
030530.KQ,030530,"Wonik Holdings Co., Ltd",원익홀딩스,산업재,"Wonik Holdings Co.,Ltd. manufactures and sells semiconductor and electronic equipment, and other products. The company p",0.0,32800.0,32800.0,32800.0,34500.0,32800.0,-4.93,-100.0,,,,,Flat,53.9,48700.0,4075.0,-32.6,0.0,,,,,,,,778.3395,150.834,627.5054,Positive,36.56,0.718,Neutral,3,32473.0,1.01,True,33408.0,-1.82,True,21696.0,51.18,False,2,61.33,70.6,50,49.61,46.0,58.09
257720.KQ,257720,Silicon2 Inc.,실리콘투,화장품 유통,"K-뷰티 역직구 플랫폼, 글로벌 화장품 B2B 유통",44850.0,45050.0,43350.0,44000.0,45000.0,44000.0,-2.22,-0.33,-1.9,3.79,0.45,1.45,Bearish,49.6,61800.0,31750.0,-28.8,0.65,,,,,,,,1349.9279,1724.7138,-374.7859,Bearish,30.13,0.438,Downtrend,2,42031.0,4.68,False,42749.0,2.93,False,45209.0,-2.67,False,0,39.0,57.0,50,28.46,52.75,45.49
319660.KQ,319660,PSK Inc.,피에스케이,기술,"PSK Inc. develops, manufactures, and sells semiconductor processing equipment worldwide. The company offers dry strip, s",93200.0,93200.0,88300.0,88700.0,93300.0,88700.0,-4.93,-0.11,-4.83,5.26,0.0,0.43,Strong Bearish,56.3,93500.0,17720.0,-5.1,0.8,,,,,,,,4270.2423,4241.9143,28.328,Positive,25.5,0.655,Strong Uptrend,5,73343.0,20.94,False,55196.0,60.7,False,39578.0,124.11,False,0,68.0,67.6,50,63.99,47.0,61.6
067310.KQ,067310,HANA Micron Inc.,하나마이크론,반도체 장비,하나마이크론 (KOSDAQ150),0.0,39700.0,39700.0,39700.0,40150.0,39700.0,-1.12,-100.0,,,,,Flat,62.2,40700.0,10160.0,-2.5,0.0,,,,,,,,2254.7176,1701.9694,552.7482,Positive,50.79,0.756,Strong Uptrend,5,34010.0,16.73,False,30196.0,31.47,False,22742.0,74.57,False,0,65.0,65.6,50,57.57,51.5,59.69
323280.KQ,323280,"Taesung Co.,Ltd.",태성,산업재,"Taesung Co.,Ltd. develops, manufactures, and sells PCB automation equipment in South Korea and internationally. The comp",0.0,79500.0,79500.0,79500.0,85700.0,79500.0,-7.23,-100.0,,,,,Flat,62.0,89700.0,20050.0,-11.4,0.0,,,,,,,,5985.6717,2963.022,3022.6497,Positive,81.05,0.785,Strong Uptrend,5,67623.0,17.56,False,56238.0,41.36,False,41547.0,91.35,False,0,68.0,65.6,50,49.61,52.75,59.52
078600.KQ,078600,"Daejoo Electronic Materials Co., Ltd.",대주전자재료,전자장비·기기,대주전자재료 (KOSDAQ150),167900.0,168000.0,158200.0,158500.0,166600.0,158500.0,-4.86,0.78,-5.6,5.84,0.06,0.18,Strong Bearish,60.0,182800.0,59100.0,-13.3,0.59,,,,,,,,13307.6946,10802.0873,2505.6073,Positive,61.63,0.743,Strong Uptrend,5,115435.0,37.31,False,92742.0,70.9,False,82518.0,92.08,False,0,68.0,64.6,50,45.98,52.75,58.72
068760.KQ,068760,"Celltrion Pharm, Inc.",셀트리온제약,헬스케어,"Celltrion Pharm, Inc., a pharmaceutical company, develops and sells biosimilars and over-the-counter drugs in South Kore",57600.0,57800.0,56100.0,56100.0,57700.0,56100.0,-2.77,-0.17,-2.6,2.95,0.35,0.0,Strong Bearish,41.9,75700.0,45304.0,-25.9,1.44,,,,,,,,-612.9076,-887.5382,274.6306,Positive,9.12,0.363,Downtrend,2,62402.0,-10.1,False,62389.0,-10.08,False,57188.0,-1.9,True,1,50.67,73.6,50,34.74,56.75,54.49
131970.KQ,131970,DOOSAN TESNA Inc.,두산테스나,반도체 장비,두산테스나 (KOSDAQ150),0.0,130700.0,130700.0,130700.0,131900.0,130700.0,-0.91,-100.0,,,,,Flat,73.3,131900.0,22100.0,-0.9,0.0,,,,,,,,11269.7666,9278.632,1991.1347,Positive,60.99,0.856,Strong Uptrend,5,86300.0,51.45,False,67447.0,93.78,False,50790.0,157.33,False,0,65.0,49.6,50,57.57,51.5,55.69
082920.KQ,082920,"VITZROCELL Co.,Ltd.",비츠로셀,전기제품,비츠로셀 (KOSDAQ150),55200.0,58200.0,53500.0,57000.0,54900.0,57000.0,3.83,0.55,3.26,8.51,2.17,3.08,Bullish,67.7,57800.0,11834.0,-1.4,0.62,,,,,,,,5912.5298,6270.7394,-358.2096,Bearish,59.82,0.745,Strong Uptrend,5,33482.0,70.24,False,25524.0,123.32,False,20107.0,183.48,False,0,65.0,59.4,50,69.01,64.25,61.13
010170.KQ,010170,"Taihan Fiber Optics Co., Ltd",대한광통신,기술,"Taihan Fiber Optics Co., Ltd researches, develops, and produces optical materials in South Korea and internationally. Th",0.0,15150.0,15150.0,15150.0,15070.0,15150.0,0.53,-100.0,,,,,Flat,56.0,20150.0,542.0,-24.8,0.0,,,,,,,,1379.0941,1857.8467,-478.7526,Improving,56.98,0.454,Strong Uptrend,5,8968.0,68.93,False,5738.0,164.03,False,3418.0,343.24,False,0,68.0,68.6,50,63.99,61.0,63.25
218410.KQ,218410,RFHIC Corporation,RFHIC,통신장비,RFHIC (KOSDAQ150),93400.0,95700.0,92200.0,94300.0,91600.0,94300.0,2.95,1.97,0.96,3.75,1.5,1.28,Bullish,54.3,105500.0,14730.0,-10.6,0.7,,,,,,,,4040.7651,5483.3947,-1442.6296,Improving,26.41,0.543,Strong Uptrend,5,75780.0,24.44,False,54578.0,72.78,False,40275.0,134.14,False,0,68.0,73.0,50,94.33,70.0,69.8
027360.KQ,027360,"Aju IB Investment Co., Ltd.",아주IB투자,벤처투자,아주IB투자 (KOSDAQ150),0.0,15000.0,15000.0,15000.0,16580.0,15000.0,-9.53,-100.0,,,,,Flat,60.6,18720.0,1933.0,-19.9,0.0,,,,,,,,2433.426,2088.2965,345.1296,Positive,114.56,0.685,Strong Uptrend,5,8176.0,83.46,False,5453.0,175.08,False,3881.0,286.5,False,0,68.0,65.6,50,18.4,52.75,54.83
035900.KQ,035900,JYP Entertainment,JYP Ent.,엔터테인먼트,"K-팝 기획사, TWICE·Stray Kids·NMIXX",65700.0,66000.0,62800.0,62900.0,64500.0,62900.0,-2.48,1.86,-4.26,4.87,0.46,0.15,Strong Bearish,50.1,85000.0,58100.0,-26.0,1.26,,,,,,,,9.4846,-414.077,423.5615,Positive,11.18,0.674,Strong Downtrend,0,65052.0,-3.31,False,67435.0,-6.72,False,71328.0,-11.82,False,0,15.0,73.6,50,7.82,56.75,39.75
089030.KQ,089030,"Techwing, Inc.",테크윙,기술,"Techwing, Inc., together with its subsidiaries, develops, manufactures, sells, and services semiconductor inspection equ",59800.0,60600.0,57100.0,57300.0,59400.0,57300.0,-3.54,0.67,-4.18,5.85,1.34,0.33,Strong Bearish,53.1,71100.0,26650.0,-19.4,0.7,,,,,,,,1769.8994,1339.0422,430.8572,Positive,33.79,0.622,Uptrend,4,53262.0,7.58,False,50578.0,13.29,False,45278.0,26.55,False,0,56.0,64.6,50,63.99,52.75,57.82
101490.KQ,101490,S&S Tech Corporation,에스앤에스텍,반도체 장비,에스앤에스텍 (KOSDAQ150),100900.0,105600.0,99600.0,100700.0,101600.0,100700.0,-0.89,-0.69,-0.2,5.95,4.66,1.09,Long Upper Doji,55.9,105100.0,32300.0,-4.2,0.67,,,,,,,,4196.0003,4408.9808,-212.9805,Bearish,37.36,0.582,Strong Uptrend,5,90922.0,10.75,False,72963.0,38.02,False,60262.0,67.1,False,0,65.0,57.6,50,57.57,51.5,57.69
041510.KQ,041510,SM Entertainment,에스엠,엔터테인먼트,"SM엔터 K-팝 기획·제작, EXO·aespa·NCT",100100.0,102600.0,96400.0,96600.0,97500.0,96600.0,-0.92,2.67,-3.5,6.19,2.5,0.2,Bearish,56.7,153000.0,83000.0,-36.9,1.71,,,,,,,,336.0017,-930.7574,1266.759,Positive,20.84,0.814,Strong Downtrend,0,99308.0,-2.73,False,105057.0,-8.05,False,119128.0,-18.91,False,0,7.0,70.6,50,7.82,62.0,37.12
099320.KQ,099320,"Satrec Initiative Co., Ltd.",쎄트렉아이,우주항공·방산,쎄트렉아이 (KOSDAQ150),175300.0,175600.0,163200.0,166000.0,178700.0,166000.0,-7.11,-1.9,-5.31,7.07,0.17,1.6,Strong Bearish,45.6,214000.0,43450.0,-22.4,1.29,,,,,,,,863.1464,586.2761,276.8703,Positive,23.27,0.341,Uptrend,4,180443.0,-8.0,False,131030.0,26.69,False,92209.0,80.03,False,0,56.0,73.6,50,38.12,56.75,56.59
347700.KQ,347700,Sphere Corp.,스피어,헬스케어,"Sphere Corp. provides digital healthcare technology, and life care products and services. It develops LifeRecord, a comm",40750.0,43150.0,39550.0,42200.0,40600.0,42200.0,3.94,0.37,3.56,8.83,2.33,2.94,Bullish,47.6,53100.0,7320.0,-20.5,1.19,,,,,,,,-776.0034,-349.0927,-426.9107,Improving,21.94,0.398,Uptrend,4,43400.0,-2.76,False,28377.0,48.71,False,19460.0,116.86,False,0,63.0,76.0,50,34.74,74.0,60.51
458870.KQ,458870,"SEERS Co., Ltd.",씨어스,헬스케어,"SEERS Co., Ltd. engages in the development, manufacturing, and sales of medical devices in South Korea. It offers wearab",49400.0,49450.0,47050.0,47650.0,49000.0,47650.0,-2.76,0.82,-3.54,4.86,0.1,1.21,Strong Bearish,48.5,63034.0,4092.0,-24.4,0.62,,,,,,,,-51.2693,-681.3252,630.0559,Positive,27.15,0.592,Uptrend,4,50134.0,-4.95,False,45713.0,4.24,False,29696.0,60.46,False,0,63.0,64.6,50,34.74,52.75,55.54
039200.KQ,039200,Oscotec Inc.,오스코텍,바이오,"키나제 억제제 계열 신약 개발, 세로토닌·JAK 표적",53000.0,53500.0,51600.0,52000.0,53500.0,52000.0,-2.8,-0.93,-1.89,3.58,0.94,0.75,Bearish,48.4,62000.0,25450.0,-16.1,0.92,,,,,,,,160.9767,195.3282,-34.3516,Bearish,21.74,0.466,Uptrend,4,52486.0,-0.93,True,51549.0,0.87,True,43004.0,20.92,False,2,81.33,60.0,50,34.01,52.75,59.78
140860.KQ,140860,Park Systems Corp.,파크시스템스,기술,"Park Systems Corp. develops, manufactures, and sells atomic force microscopy (AFM) systems worldwide. It provides AFM fo",287500.0,298500.0,285000.0,289000.0,287000.0,289000.0,0.7,0.17,0.52,4.7,3.3,0.87,Long Upper Doji,61.7,307000.0,195700.0,-5.9,0.77,,,,,,,,8794.4343,5449.4309,3345.0035,Positive,32.95,0.805,Uptrend,4,264417.0,9.3,False,248475.0,16.31,False,254771.0,13.44,False,0,56.0,57.2,50,63.99,55.25,56.22
475830.KQ,475830,"Orum Therapeutics, Inc.",오름테라퓨틱,헬스케어,"Orum Therapeutics, Inc., a biopharmaceutical company, engages in the research and development of pharmaceuticals for can",89600.0,92200.0,87400.0,88200.0,89500.0,88200.0,-1.45,0.11,-1.56,5.36,2.9,0.89,Bearish Rejection,46.5,143700.0,17010.0,-38.6,0.74,,,,,,,,-3650.9347,-5534.167,1883.2323,Positive,21.9,0.715,Neutral,3,105282.0,-16.22,False,97712.0,-9.73,False,61760.0,42.81,False,0,36.0,65.6,50,34.74,50.5,47.46
417200.KQ,417200,LS Materials,LS머트리얼즈,산업재,"LS materials.,Ltd. provides energy storage devices in South Korea and internationally. The company offers cells and modu",31600.0,31600.0,29750.0,30050.0,31250.0,30050.0,-3.84,1.12,-4.91,5.85,0.0,0.95,Strong Bearish,70.8,31250.0,9360.0,-3.8,0.99,,,,,,,,2463.3265,1684.502,778.8245,Bullish,61.86,0.966,Strong Uptrend,5,19956.0,50.58,False,16443.0,82.75,False,13557.0,121.66,False,0,65.0,51.0,50,49.61,47.0,54.39
437730.KQ,437730,SAMHYUN,삼현,산업재,"Samhyun Co., Ltd. engages in the manufacture and sale of parts and accessories for motor vehicles. It offers smart actua",57700.0,57800.0,53100.0,53500.0,55400.0,53500.0,-3.43,4.15,-7.28,8.15,0.17,0.69,Strong Bearish,52.5,73200.0,11170.0,-26.9,1.21,,,,,,,,1117.9833,458.2313,659.7519,Positive,26.87,0.666,Uptrend,4,52628.0,1.66,True,50822.0,5.27,False,33993.0,57.39,False,1,74.67,73.6,50,49.61,56.75,63.92
232140.KQ,232140,YC Corporation,와이씨,기술,"YC Corporation engages in the development, manufacture, and sale of inspection equipment for semiconductor memories in S",0.0,21850.0,21850.0,21850.0,22750.0,21850.0,-3.96,-100.0,,,,,Flat,57.4,23450.0,9360.0,-6.8,0.0,,,,,,,,904.6721,600.5603,304.1118,Positive,39.29,0.708,Strong Uptrend,5,20196.0,8.19,False,17332.0,26.07,False,14401.0,51.73,False,0,68.0,70.6,50,63.99,47.0,62.35
080220.KQ,080220,Jeju Semiconductor Corp.,제주반도체,반도체 장비,제주반도체 (KOSDAQ150),0.0,52400.0,52400.0,52400.0,53600.0,52400.0,-2.24,-100.0,,,,,Flat,61.6,58400.0,12420.0,-10.3,0.0,,,,,,,,3381.0105,2220.4111,1160.5994,Positive,53.2,0.788,Strong Uptrend,5,43938.0,19.26,False,33855.0,54.78,False,25075.0,108.97,False,0,68.0,65.6,50,57.57,52.75,60.71
131290.KQ,131290,"TSE Co., Ltd",티에스이,반도체 장비,티에스이 (KOSDAQ150),168800.0,172000.0,167000.0,168800.0,168800.0,168800.0,0.0,0.0,0.0,2.96,1.9,1.07,Long Upper Doji,69.0,174800.0,36400.0,-3.4,0.87,,,,,,,,16071.0632,14649.3492,1421.7139,Positive,69.08,0.746,Strong Uptrend,5,115060.0,46.71,False,87399.0,93.14,False,65000.0,159.69,False,0,65.0,56.2,50,57.57,51.5,57.34
060370.KQ,060370,"KT Submarine Co., Ltd.",LS마린솔루션,건설,LS마린솔루션 (KOSDAQ150),37850.0,39350.0,36700.0,38150.0,37800.0,38150.0,0.93,0.13,0.79,7.0,3.17,3.04,Long Upper Doji,64.9,39150.0,13524.0,-2.6,1.41,,,,,,,,2116.0259,1494.7571,621.2689,Positive,43.97,0.863,Strong Uptrend,5,30912.0,23.41,False,29962.0,27.33,False,27318.0,39.65,False,0,65.0,66.2,50,86.51,59.25,64.95
038500.KQ,038500,"SAMPYO Cement Co., Ltd.",삼표시멘트,원자재,"SAMPYO Cement Co., Ltd. engages in the manufacture and distribution of cement in South Korea. The company offers Portlan",0.0,16930.0,16930.0,16930.0,16900.0,16930.0,0.18,-100.0,,,,,Flat,55.9,20200.0,2950.0,-16.2,0.0,,,,,,,,209.0386,186.2952,22.7434,Bullish,20.79,0.711,Strong Uptrend,5,16090.0,5.22,False,10160.0,66.63,False,6698.0,152.76,False,0,68.0,75.0,50,49.59,61.0,62.69
290650.KQ,290650,"L&C BIO Co.,LTD",엘앤씨바이오,헬스케어,"L&C Bio Co., Ltd operates as a research and development company in tissue regeneration medicine. The company offers phar",69300.0,69300.0,62400.0,63200.0,69900.0,63200.0,-9.59,-0.86,-8.8,9.96,0.0,1.15,Strong Bearish,37.3,118300.0,20900.0,-46.6,2.69,,,,,,,,-1605.7078,-1642.1623,36.4546,Positive,20.08,0.081,Uptrend,4,79488.0,-20.49,False,70068.0,-9.8,False,53626.0,17.85,False,0,40.0,65.6,50,34.74,57.5,49.36
445680.KQ,445680,"Curiox Biosystems Co., Ltd",큐리옥스바이오시스템즈,바이오 장비·서비스,큐리옥스바이오시스템즈 (KOSDAQ150),99900.0,108400.0,97600.0,102100.0,101500.0,102100.0,0.59,-1.58,2.2,10.81,6.31,2.3,Bullish,57.8,139600.0,23350.0,-26.9,0.78,,,,,,,,-415.4589,-2810.6585,2395.1997,Bullish,35.02,0.961,Neutral,3,102743.0,-0.63,True,100108.0,1.99,True,73096.0,39.68,False,2,69.33,73.4,50,60.13,61.0,64.27
085660.KQ,085660,"Chabiotech Co.,Ltd.",차바이오텍,헬스케어,"Chabiotech Co.,Ltd., a bio company, develops cell and gene therapy related to stem and immune cells in South Korea and i",17450.0,17660.0,17050.0,17090.0,17400.0,17090.0,-1.78,0.29,-2.06,3.5,1.2,0.23,Bearish,41.7,23850.0,9870.0,-28.3,0.98,,,,,,,,-306.0744,-310.504,4.4296,Positive,7.72,0.111,Uptrend,4,19105.0,-10.55,False,16926.0,0.97,True,14032.0,21.79,False,1,74.67,67.6,50,34.74,57.25,60.24
065350.KQ,065350,"Shinsung Delta Tech Co.,Ltd.",신성델타테크,산업재,"Shinsung Delta Tech Co.,Ltd., together with its subsidiaries, manufactures and sells household electronic components, pl",58800.0,59200.0,57500.0,58000.0,58600.0,58000.0,-1.02,0.34,-1.36,2.89,0.68,0.85,Bearish,46.0,82200.0,50900.0,-29.4,0.98,,,,,,,,-262.5823,-537.4628,274.8806,Positive,17.61,0.516,Downtrend,2,63415.0,-8.54,False,61182.0,-5.2,False,62142.0,-6.67,False,0,32.0,70.6,50,49.61,57.25,50.42
095610.KQ,095610,"TES Co., Ltd",테스,반도체 장비,테스 (KOSDAQ150),0.0,84000.0,84000.0,84000.0,86600.0,84000.0,-3.0,-100.0,,,,,Flat,55.9,93300.0,20150.0,-10.0,0.0,,,,,,,,5326.5887,5878.2942,-551.7054,Bearish,51.27,0.545,Strong Uptrend,5,71852.0,16.91,False,58790.0,42.88,False,44940.0,86.92,False,0,68.0,60.0,50,57.57,52.75,59.31
281740.KQ,281740,"Lake Materials Co., Ltd.",레이크머티리얼즈,원자재,"Lake Materials Co., Ltd. develops and manufactures organometallic compounds that are used as materials for semiconductor",0.0,23000.0,23000.0,23000.0,24600.0,23000.0,-6.5,-100.0,,,,,Flat,53.9,27550.0,11220.0,-16.5,0.0,,,,,,,,1008.2176,841.4488,166.7688,Positive,38.61,0.61,Strong Uptrend,5,21906.0,4.99,False,18734.0,22.77,False,15720.0,46.31,False,0,75.0,70.6,50,49.59,52.75,62.86
036830.KQ,036830,"Soulbrain Holdings Co., Ltd.",솔브레인홀딩스,원자재,"Soulbrain Holdings Co., Ltd. develops, manufactures, and supplies technology industry core materials for semiconductor,",78200.0,80200.0,73000.0,73000.0,79600.0,73000.0,-8.29,-1.76,-6.65,9.21,2.56,0.0,Strong Bearish,64.4,79600.0,27250.0,-8.3,1.01,,,,,,,,6044.7047,3955.6356,2089.069,Positive,65.27,0.846,Strong Uptrend,5,54611.0,33.67,False,47641.0,53.23,False,44009.0,65.88,False,0,68.0,56.6,50,49.59,51.0,57.09
195940.KQ,195940,HK inno.N Corporation,HK이노엔,헬스케어,HK inno.N Corporation engages in the pharmaceutical business in South Korea. The company offers prescription drugs for t,54400.0,54600.0,52300.0,52400.0,54300.0,52400.0,-3.5,0.18,-3.68,4.23,0.37,0.18,Strong Bearish,53.1,57600.0,37400.0,-9.0,0.89,,,,,,,,793.1524,400.6495,392.5029,Positive,20.09,0.663,Strong Uptrend,5,51924.0,0.92,True,51378.0,1.99,True,48055.0,9.04,False,2,93.33,67.6,50,34.74,47.0,64.81
183300.KQ,183300,KoMiCo Ltd.,코미코,기술,"KoMiCo Ltd. provides semiconductor equipment cleaning and coating products in South Korea, the United States, China, Tai",144100.0,147400.0,141000.0,141600.0,142400.0,141600.0,-0.56,1.19,-1.73,4.44,2.29,0.42,Bearish Rejection,57.4,154900.0,54800.0,-8.6,0.66,,,,,,,,8198.0674,9038.134,-840.0666,Bearish,43.86,0.564,Strong Uptrend,5,119695.0,18.3,False,107177.0,32.12,False,93440.0,51.54,False,0,68.0,55.0,50,63.99,51.5,58.9
166090.KQ,166090,Hana Materials Inc.,하나머티리얼즈,기술,Hana Materials Inc. manufactures and sells silicon electrodes and rings in South Korea. The company offers silicon ceram,0.0,75500.0,75500.0,75500.0,79600.0,75500.0,-5.15,-100.0,,,,,Flat,62.1,79600.0,23600.0,-5.2,0.0,,,,,,,,3988.8179,3111.5333,877.2846,Positive,45.28,0.765,Strong Uptrend,5,63432.0,19.03,False,54902.0,37.52,False,42521.0,77.56,False,0,68.0,65.6,50,63.99,47.0,61.1
397030.KQ,397030,"AprilBio Co.,Ltd.",에이프릴바이오,헬스케어,"AprilBio Co., Ltd. develops long-acting type biobetter and antibody biologics. The company develops antibody drugs, doub",63000.0,63000.0,59300.0,59300.0,64100.0,59300.0,-7.49,-1.72,-5.87,5.87,0.0,0.0,Strong Bearish,49.5,73000.0,14000.0,-18.8,1.0,,,,,,,,907.4503,239.5401,667.9103,Positive,33.55,0.587,Uptrend,4,61487.0,-3.56,False,53465.0,10.91,False,38014.0,56.0,False,0,63.0,67.6,50,34.74,56.75,56.69
090710.KQ,090710,"Hyulim ROBOT Co.,Ltd.",휴림로봇,기계·로봇,휴림로봇 (KOSDAQ150),13510.0,13920.0,12420.0,12620.0,12910.0,12620.0,-2.25,4.65,-6.59,11.1,3.03,1.48,Bearish,54.8,21500.0,1897.0,-41.3,1.13,,,,,,,,126.8777,-127.827,254.7047,Positive,30.17,0.797,Neutral,3,12801.0,-1.41,True,10512.0,20.05,False,6795.0,85.72,False,1,54.67,70.6,50,63.52,50.0,58.58
189300.KQ,189300,"Intellian Technologies, Inc.",인텔리안테크,통신장비,인텔리안테크 (KOSDAQ150),135900.0,137100.0,130600.0,132700.0,137200.0,132700.0,-3.28,-0.95,-2.35,4.78,0.88,1.55,Bearish,53.1,143400.0,37400.0,-7.5,0.97,,,,,,,,4372.5678,3996.3952,376.1726,Positive,33.52,0.607,Strong Uptrend,5,123615.0,7.35,False,90029.0,47.4,False,68864.0,92.7,False,0,68.0,70.6,50,94.33,47.0,66.9
003380.KQ,003380,"Harim Holdings Co., Ltd.",하림지주,필수 소비재,"Harim Holdings Co., Ltd., together with its subsidiaries, engages in the food and daily services management business. Th",13490.0,13550.0,13070.0,13120.0,13500.0,13120.0,-2.81,-0.07,-2.74,3.56,0.44,0.37,Strong Bearish,43.1,19610.0,5680.0,-33.1,0.71,,,,,,,,-313.1675,-331.1127,17.9452,Positive,7.76,0.148,Uptrend,4,14881.0,-11.83,False,12412.0,5.7,False,10479.0,25.2,False,0,48.0,61.6,50,44.48,46.0,51.07
115180.KQ,115180,"Qurient Co., Ltd.",큐리언트,헬스케어,"Qurient Co., Ltd., a biotech company, engages in the research and development of drugs to address unmet medical needs in",39350.0,39350.0,37050.0,37300.0,39300.0,37300.0,-5.09,0.13,-5.21,5.84,0.0,0.64,Strong Bearish,47.3,50900.0,8840.0,-26.7,0.99,,,,,,,,173.4262,-18.4947,191.9208,Positive,23.54,0.509,Uptrend,4,38073.0,-2.03,False,33222.0,12.27,False,23111.0,61.4,False,0,63.0,67.6,50,34.74,52.75,56.29
127120.KQ,127120,"JS Link, Inc.",제이에스링크,헬스케어,"JS Link, Inc., a genome-based biotechnology company, focuses on the research and development of genome analysis services",41350.0,41350.0,40050.0,40800.0,41100.0,40800.0,-0.73,0.61,-1.33,3.14,0.0,1.81,Bearish,47.6,48900.0,8340.0,-16.6,0.69,,,,,,,,907.6371,1583.833,-676.196,Bearish,24.91,0.286,Strong Uptrend,5,38053.0,7.22,False,28560.0,42.86,False,21863.0,86.62,False,0,68.0,57.0,50,34.74,57.25,55.59
160190.KQ,160190,HIGEN RNM,하이젠알앤엠,경기 소비재,"HIGEN Motor Co., Ltd. manufactures and sells industrial motors in South Korea. It offers low voltage and high voltage mo",46500.0,46500.0,43300.0,43600.0,44100.0,43600.0,-1.13,5.44,-6.24,6.88,0.0,0.65,Strong Bearish,52.0,85400.0,28700.0,-48.9,0.92,,,,,,,,-371.021,-1644.6613,1273.6403,Positive,36.73,0.758,Strong Downtrend,1,51369.0,-15.12,False,55091.0,-20.86,False,47273.0,-7.77,False,0,4.0,67.6,50,20.62,50.5,36.24
089970.KQ,089970,VM Inc.,브이엠,기술,VM Inc. manufactures and sells dry etcher systems that are used for semiconductor production process in South Korea and,56100.0,56200.0,52800.0,53400.0,57400.0,53400.0,-6.97,-2.26,-4.81,6.06,0.18,1.07,Strong Bearish,58.7,57400.0,10500.0,-7.0,0.78,,,,,,,,3772.3703,3608.4101,163.9602,Positive,49.9,0.632,Strong Uptrend,5,42463.0,25.76,False,34736.0,53.73,False,24478.0,118.16,False,0,68.0,64.6,50,63.99,47.0,60.85
036540.KQ,036540,"SFA Semicon Co., Ltd.",SFA반도체,기술,"SFA Semicon Co., Ltd. provides semiconductors in Korea. The company offers packaging products, such as fan out wafer lev",8750.0,8800.0,8280.0,8300.0,8620.0,8300.0,-3.71,1.51,-5.14,5.94,0.57,0.23,Strong Bearish,57.0,9960.0,2820.0,-16.7,0.74,,,,,,,,545.8037,404.3676,141.4361,Positive,55.42,0.678,Strong Uptrend,5,7210.0,15.12,False,5973.0,38.96,False,4717.0,75.96,False,0,68.0,64.6,50,63.99,52.75,61.42
052020.KQ,052020,"STCube, Inc.",에스티큐브,유통,에스티큐브 (KOSDAQ150),0.0,21100.0,21100.0,21100.0,22100.0,21100.0,-4.52,-100.0,,,,,Flat,70.0,22100.0,5580.0,-4.5,0.0,,,,,,,,1555.177,1098.339,456.8379,Positive,51.37,0.963,Strong Uptrend,5,13786.0,53.05,False,10785.0,95.64,False,9032.0,133.61,False,0,65.0,49.6,50,48.36,47.0,53.85
048410.KQ,048410,"Hyundai Bioscience Co., Ltd.",현대바이오,헬스케어,"Hyundai Bioscience Co., Ltd. operates as a biotechnology company. The company provides Vitabrid C12, a vitamin C product",0.0,13400.0,13400.0,13400.0,14600.0,13400.0,-8.22,-100.0,,,,,Flat,45.7,20000.0,4395.0,-33.0,0.01,,,,,,,,104.0902,103.7073,0.3829,Positive,19.93,0.297,Uptrend,4,14059.0,-4.69,False,9803.0,36.69,False,7660.0,74.93,False,0,55.0,70.6,50,34.74,46.0,53.96
222080.KQ,222080,Creative & Innovative System Corporation,씨아이에스,산업재,Creative & Innovative System Corporation manufactures and sells equipment for lithium-ion batteries powering IT instrume,0.0,17170.0,17170.0,17170.0,18650.0,17170.0,-7.94,-100.0,,,,,Flat,64.8,18650.0,6370.0,-7.9,0.0,,,,,,,,1435.3177,933.9822,501.3355,Positive,72.74,0.794,Strong Uptrend,5,13409.0,28.05,False,10476.0,63.9,False,8819.0,94.69,False,0,68.0,65.6,50,49.61,47.0,58.94
137400.KQ,137400,People & Technology Inc.,피엔티,산업재,"People & Technology Inc. offers coating, calendaring, slitting, automation, and other machineries. The company's product",57700.0,57900.0,55700.0,56000.0,57600.0,56000.0,-2.78,0.17,-2.95,3.81,0.35,0.52,Strong Bearish,56.7,60900.0,30150.0,-8.0,0.76,,,,,,,,2353.8818,2106.4714,247.4105,Positive,33.54,0.644,Strong Uptrend,5,51168.0,9.44,False,46114.0,21.44,False,41017.0,36.53,False,0,68.0,64.6,50,49.61,47.0,58.69
466100.KQ,466100,CLOBOT,클로봇,기술,"CLOBOT Co., Ltd operates as a robotics integration company in Korea. It develops CHAMELEON software for general-purpose",53800.0,54000.0,49150.0,49950.0,51500.0,49950.0,-3.01,4.47,-7.16,9.01,0.37,1.49,Strong Bearish,49.4,75700.0,16000.0,-34.0,0.85,,,,,,,,-423.9013,-1479.2876,1055.3862,Positive,32.17,0.669,Neutral,3,56459.0,-11.53,False,55435.0,-9.89,False,39481.0,26.52,False,0,36.0,67.6,50,63.99,46.0,51.9
420770.KQ,420770,"GigaVis Co., Ltd.",기가비스,기술,"GigaVis Co., Ltd. researches, develops, and supplies vision inspection systems in South Korea and internationally. It of",107700.0,110000.0,102800.0,103900.0,109100.0,103900.0,-4.77,-1.28,-3.53,6.69,2.14,1.02,Bearish,67.5,109100.0,23700.0,-4.8,0.58,,,,,,,,7521.9033,6183.3663,1338.537,Positive,39.5,0.868,Strong Uptrend,5,76138.0,36.46,False,56420.0,84.15,False,42702.0,143.31,False,0,65.0,56.6,50,63.99,47.0,57.95
213420.KQ,213420,"Duk San Neolux Co.,Ltd",덕산네오룩스,기술,"Duk San Neolux Co.,Ltd develops and manufactures OLED materials for display industry in South Korea. It offers ETL, EIL,",52400.0,52600.0,50200.0,50500.0,52600.0,50500.0,-3.99,-0.38,-3.63,4.58,0.38,0.57,Strong Bearish,50.3,55800.0,28450.0,-9.5,0.78,,,,,,,,1587.3005,1923.5528,-336.2523,Bearish,32.92,0.489,Strong Uptrend,5,46042.0,9.68,False,42210.0,19.64,False,41285.0,22.32,False,0,68.0,54.0,50,63.99,47.0,58.2
007390.KQ,007390,"NatureCell Co.,Ltd.",네이처셀,바이오,네이처셀 (KOSDAQ150),19630.0,19800.0,19110.0,19150.0,19820.0,19150.0,-3.38,-0.96,-2.45,3.52,0.87,0.2,Strong Bearish,45.4,37800.0,16900.0,-49.3,1.01,,,,,,,,242.0656,286.9369,-44.8713,Bearish,27.54,0.418,Strong Downtrend,0,20174.0,-5.08,False,21491.0,-10.89,False,23201.0,-17.46,False,0,0.0,57.0,50,34.01,50.0,34.35
096530.KQ,096530,Seegene Inc.,씨젠,바이오 진단,"분자진단 시약·장비 제조, 다중 동시 검출 원천기술",25000.0,25050.0,24400.0,24550.0,25050.0,24550.0,-2.0,-0.2,-1.8,2.6,0.2,0.6,Strong Bearish,51.9,35150.0,21850.0,-30.2,0.66,,,,,,,,410.1998,392.1248,18.0751,Positive,21.05,0.557,Strong Downtrend,1,24450.0,0.41,True,24728.0,-0.72,True,26860.0,-8.6,False,2,37.33,64.6,50,18.0,50.5,45.1
014620.KQ,014620,"Sung Kwang Bend Co.,Ltd.",성광벤드,산업재,"Sung Kwang Bend Co.,Ltd. engages in the manufacture and sale of pipe fittings in South Korea and internationally. The co",47600.0,47900.0,45500.0,46400.0,47750.0,46400.0,-2.83,-0.31,-2.52,5.04,0.63,1.89,Bearish,67.0,48300.0,24750.0,-3.9,0.67,,,,,,,,2871.3953,2121.8734,749.5219,Positive,36.47,0.843,Strong Uptrend,5,36638.0,26.64,False,32206.0,44.07,False,31663.0,46.54,False,0,65.0,56.6,50,49.61,47.0,55.79
388720.KQ,388720,"Yuil Robotics Co., Ltd.",유일로보틱스,기계·로봇,유일로보틱스 (KOSDAQ150),110900.0,110900.0,103700.0,105100.0,101200.0,105100.0,3.85,9.58,-5.23,6.49,0.0,1.26,Strong Bearish,60.4,150700.0,61200.0,-30.3,2.36,,,,,,,,1576.2788,-379.6912,1955.97,Bullish,31.82,0.896,Uptrend,4,104287.0,0.78,True,96942.0,8.42,False,85588.0,22.8,False,1,66.67,67.0,50,63.52,68.25,63.1
023160.KQ,023160,Tae Kwang Corporation,태광,기계·로봇,태광 (KOSDAQ150),47550.0,48300.0,45500.0,46050.0,47500.0,46050.0,-3.05,0.11,-3.15,5.89,1.58,1.16,Bearish,62.2,48500.0,18000.0,-5.1,0.43,,,,,,,,2901.8524,3175.3994,-273.5471,Bearish,19.07,0.652,Strong Uptrend,5,35046.0,31.4,False,29631.0,55.41,False,26363.0,74.68,False,0,68.0,52.0,50,63.52,47.0,57.63
035760.KQ,035760,"CJ ENM CO., Ltd.",CJ ENM,커뮤니케이션 서비스,"CJ ENM CO., Ltd., together with its subsidiaries, engages in media platform, film/drama, music, and commerce businesses",55800.0,56000.0,54100.0,54100.0,55400.0,54100.0,-2.35,0.72,-3.05,3.41,0.36,0.0,Strong Bearish,39.3,81800.0,52000.0,-33.9,1.33,,,,,,,,-1256.2301,-1735.986,479.7559,Positive,7.88,0.465,Strong Downtrend,0,62493.0,-13.43,False,63326.0,-14.57,False,66558.0,-18.72,False,0,0.0,68.6,50,4.88,50.0,32.88
032500.KQ,032500,Kmw Inc.,케이엠더블유,기술,"Kmw Inc. develops and produces equipment, and parts and components for mobile communication base stations. Its products",30700.0,31000.0,29250.0,29750.0,29750.0,29750.0,0.0,3.19,-3.09,5.7,0.98,1.63,Bearish,53.4,34100.0,7850.0,-12.8,0.56,,,,,,,,985.3414,1271.1029,-285.7614,Improving,29.23,0.575,Strong Uptrend,5,24850.0,19.72,False,20192.0,47.34,False,16345.0,82.01,False,0,68.0,65.6,50,63.99,57.25,62.12
124500.KQ,124500,"ITCENGLOBAL CO., Ltd.",아이티센글로벌,기술,"ITCENGLOBAL CO., Ltd. engages in the provision of consulting, ICT, and outsourcing services and solutions in South Korea",56400.0,56500.0,53700.0,54100.0,54800.0,54100.0,-1.28,2.92,-4.08,4.96,0.18,0.71,Strong Bearish,54.4,71900.0,6240.0,-24.8,0.84,,,,,,,,-33.937,-718.0279,684.0909,Bullish,26.92,0.786,Strong Uptrend,5,53322.0,1.46,True,40680.0,32.99,False,29397.0,84.03,False,1,86.67,72.0,50,63.99,57.25,69.32
161580.KQ,161580,"Philoptics Co., Ltd.",필옵틱스,산업재,"Philoptics Co., Ltd., together with its subsidiaries, manufactures and sells OLED display laser processing equipment in",49950.0,50100.0,47500.0,47800.0,49350.0,47800.0,-3.14,1.22,-4.3,5.21,0.3,0.6,Strong Bearish,55.5,57300.0,28950.0,-16.6,0.65,,,,,,,,2131.432,1475.2814,656.1506,Positive,48.68,0.671,Uptrend,4,45368.0,5.36,False,45046.0,6.11,False,40268.0,18.7,False,0,56.0,64.6,50,49.61,52.75,55.67
033790.KQ,033790,Fino Inc.,피노,기술,"Fino Inc. operates as an information and communication, and game development company in South Korea and internationally. The company offers communication equipm",0.0,13580.0,13580.0,13580.0,14400.0,13580.0,-5.69,-100.0,,,,,Flat,72.0,14400.0,3575.0,-5.7,0.0,,,,,,,,1722.6685,1458.6605,264.008,Positive,65.16,0.831,Strong Uptrend,5,7678.0,76.87,False,6380.0,112.85,False,5358.0,153.45,False,0,68.0,49.6,50,63.99,47.0,57.1
204270.KQ,204270,"JNTC Co., Ltd.",제이앤티씨,기술,"JNTC Co., Ltd. manufactures and sells mobile device components, specializing in tempered glass and connectors in South K",19990.0,20100.0,18400.0,19340.0,19830.0,19340.0,-2.47,0.81,-3.25,8.5,0.55,4.7,Bearish,54.8,29450.0,13700.0,-34.3,0.84,,,,,,,,612.4069,370.0895,242.3174,Positive,43.55,0.662,Downtrend,2,19215.0,0.65,True,20092.0,-3.74,False,19753.0,-2.09,False,1,42.67,70.6,50,63.99,46.0,54.65
328130.KQ,328130,Lunit Inc.,루닛,헬스케어,Lunit Inc. provides AI-powered software and solutions for cancer diagnostics and therapeutics in South Korea. It offers,0.0,41450.0,41450.0,41450.0,41200.0,41450.0,0.61,-100.0,,,,,Flat,66.1,53934.0,31087.0,-23.1,0.0,,,,,,,,1129.8994,564.2519,565.6475,Bullish,29.33,0.963,Strong Downtrend,1,36516.0,13.51,False,37021.0,11.96,False,39561.0,4.77,False,0,27.0,64.0,50,34.74,61.0,45.41
086450.KQ,086450,"DongKook Pharmaceutical Co., Ltd.",동국제약,제약,동국제약 (KOSDAQ150),24450.0,24550.0,23700.0,23900.0,24600.0,23900.0,-2.85,-0.61,-2.25,3.48,0.41,0.82,Bearish,46.9,29900.0,15200.0,-20.1,0.7,,,,,,,,467.4604,960.3128,-492.8524,Bearish,24.78,0.149,Strong Uptrend,5,21882.0,9.22,False,19876.0,20.25,False,18868.0,26.67,False,0,68.0,54.0,50,39.3,52.75,55.07
056190.KQ,056190,SFA Engineering Corporation,에스에프에이,산업재,"SFA Engineering Corporation manufactures and sells display equipment, logistics systems, secondary battery, semiconducto",32200.0,33200.0,31350.0,31400.0,31950.0,31400.0,-1.72,0.78,-2.48,5.75,3.11,0.16,Bearish Rejection,57.7,35650.0,20050.0,-11.9,2.1,,,,,,,,933.8558,648.1473,285.7085,Positive,28.99,0.702,Strong Uptrend,5,30130.0,4.22,False,27212.0,15.39,False,25296.0,24.13,False,0,75.0,74.6,50,49.61,68.75,65.47
295310.KQ,295310,HVM,에이치브이엠,원자재,"Hvm, Co.,Ltd. produces and sells special metals in Korea. The company offers special nickel alloy for use in parts of ai",91100.0,92200.0,87000.0,89000.0,89700.0,89000.0,-0.78,1.56,-2.31,5.71,1.21,2.2,Bearish,49.9,112100.0,19680.0,-20.6,0.74,,,,,,,,97.0063,106.0592,-9.0529,Bearish,22.28,0.559,Strong Uptrend,5,88517.0,0.55,True,67886.0,31.1,False,47508.0,87.34,False,1,86.67,57.0,50,49.59,57.25,63.41
082270.KQ,082270,"GemVax&KAEL Co.,Ltd",젬백스,반도체 장비,젬백스 (KOSDAQ150),24900.0,25050.0,23700.0,23800.0,25000.0,23800.0,-4.8,-0.4,-4.42,5.42,0.6,0.4,Strong Bearish,33.7,69800.0,23100.0,-65.9,0.53,,,,,,,,-2733.2504,-2979.1421,245.8917,Positive,26.38,0.166,Strong Downtrend,1,35294.0,-32.57,False,33728.0,-29.44,False,42997.0,-44.65,False,0,4.0,56.6,50,57.57,40.25,38.01
171090.KQ,171090,"SUNIC SYSTEM Co., Ltd.",선익시스템,기술,"SUNIC SYSTEM Co., Ltd. manufactures and sells OLED deposition equipment and semiconductor vacuum equipment in Korea. It",106200.0,108000.0,100300.0,102500.0,105400.0,102500.0,-2.75,0.76,-3.48,7.25,1.69,2.07,Bearish,51.5,131000.0,33750.0,-21.8,0.47,,,,,,,,3597.2187,2361.7256,1235.4931,Positive,50.8,0.604,Strong Uptrend,5,101990.0,0.5,True,77022.0,33.08,False,58475.0,75.29,False,1,86.67,67.6,50,63.99,52.75,67.77
293490.KQ,293490,Kakao Games Corp.,카카오게임즈,게임,"카카오 게임 퍼블리싱, 오딘·아키에이지 워",12320.0,12400.0,12020.0,12020.0,12390.0,12020.0,-2.99,-0.56,-2.44,3.08,0.65,0.0,Strong Bearish,40.3,23500.0,11510.0,-48.9,1.26,,,,,,,,-207.9914,-267.5804,59.589,Positive,10.76,0.36,Strong Downtrend,0,13531.0,-11.17,False,14591.0,-17.62,False,15583.0,-22.86,False,0,0.0,73.6,50,33.69,50.0,38.45
253450.KQ,253450,Studio Dragon Corporation,스튜디오드래곤,커뮤니케이션 서비스,"Studio Dragon Corporation, a drama studio, produces and provides drama contents worldwide. The company was founded in 20",36000.0,36200.0,34850.0,34850.0,35550.0,34850.0,-1.97,1.27,-3.19,3.75,0.56,0.0,Strong Bearish,40.7,56000.0,33400.0,-37.8,0.96,,,,,,,,-723.0875,-978.4485,255.361,Positive,9.95,0.478,Strong Downtrend,0,39692.0,-12.2,False,40862.0,-14.71,False,43942.0,-20.69,False,0,0.0,67.6,50,4.88,50.5,32.68
078160.KQ,078160,"MEDIPOST Co., Ltd.",메디포스트,바이오,메디포스트 (KOSDAQ150),0.0,27900.0,27900.0,27900.0,28000.0,27900.0,-0.36,-100.0,,,,,Flat,66.8,28000.0,8100.0,-0.4,0.0,,,,,,,,1558.7272,1140.3765,418.3507,Positive,51.96,0.821,Strong Uptrend,5,22965.0,21.49,False,20226.0,37.94,False,15988.0,74.51,False,0,65.0,59.6,50,34.01,51.5,54.65
044490.KQ,044490,"Taewoong Co.,Ltd",태웅,산업재,"Taewoong Co.,Ltd manufactures and sells open-die forgings and ring rolled products in South Korea and internationally. T",54700.0,54700.0,52800.0,53000.0,54100.0,53000.0,-2.03,1.11,-3.11,3.47,0.0,0.37,Strong Bearish,57.8,57300.0,13830.0,-7.5,0.48,,,,,,,,2284.3026,2057.2072,227.0953,Positive,26.21,0.76,Strong Uptrend,5,42873.0,23.62,False,34995.0,51.45,False,33530.0,58.07,False,0,68.0,64.6,50,49.61,47.0,58.69
348370.KQ,348370,"Enchem Co., Ltd.",엔켐,산업재,"Enchem Co., Ltd. manufactures and sells electrolytes and additives for secondary batteries and EDLC. The company offers",46900.0,46900.0,44200.0,44300.0,47100.0,44300.0,-5.94,-0.42,-5.54,5.76,0.0,0.21,Strong Bearish,47.2,97900.0,29950.0,-54.7,0.63,,,,,,,,-93.6178,-1263.9924,1170.3746,Positive,54.48,0.578,Strong Downtrend,0,55961.0,-20.84,False,62750.0,-29.4,False,66394.0,-33.28,False,0,0.0,64.6,50,49.61,40.25,37.62
121600.KQ,121600,"Advanced Nano Products Co., Ltd.",나노신소재,원자재,"Advanced Nano Products Co., Ltd. engages in the manufacturing materials used in thin-film solar cells, display panels, a",88500.0,88600.0,82600.0,82800.0,88400.0,82800.0,-6.33,0.11,-6.44,6.78,0.11,0.23,Strong Bearish,58.9,88800.0,44400.0,-6.8,0.78,,,,,,,,5631.7206,4984.0164,647.7041,Positive,47.55,0.672,Strong Uptrend,5,69482.0,19.17,False,62963.0,31.51,False,57935.0,42.92,False,0,68.0,64.6,50,49.59,47.0,58.69
174900.KQ,174900,AbClon Inc.,앱클론,헬스케어,AbClon Inc. engages in the research and development of antibody drugs in South Korea and Sweden. The company's products,0.0,49150.0,49150.0,49150.0,50400.0,49150.0,-2.48,-100.0,,,,,Flat,41.3,89100.0,9180.0,-44.8,0.0,,,,,,,,-3140.1574,-3407.579,267.4216,Positive,21.78,0.247,Neutral,3,61653.0,-20.28,False,52252.0,-5.94,False,32654.0,50.52,False,0,36.0,70.6,50,34.74,46.0,48.26
056080.KQ,056080,"Yujin Robot Co., Ltd.",유진로봇,기계·로봇,유진로봇 (KOSDAQ150),28500.0,28600.0,26250.0,26650.0,26950.0,26650.0,-1.11,5.75,-6.49,8.25,0.35,1.4,Strong Bearish,51.8,45700.0,7310.0,-41.7,1.57,,,,,,,,-123.418,-576.0262,452.6081,Positive,20.03,0.776,Uptrend,4,29476.0,-9.59,False,23253.0,14.61,False,17206.0,54.89,False,0,48.0,73.6,50,63.52,62.0,58.53
358570.KQ,358570,"GI Innovation, Inc.",지아이이노베이션,바이오,지아이이노베이션 (KOSDAQ150),0.0,16250.0,16250.0,16250.0,16550.0,16250.0,-1.81,-100.0,,,,,Flat,59.9,24000.0,11610.0,-32.3,0.0,,,,,,,,648.6903,390.5816,258.1086,Positive,37.55,0.825,Strong Downtrend,1,14370.0,13.08,False,15671.0,3.69,False,17170.0,-5.36,False,0,19.0,64.6,50,34.01,50.5,42.0
074600.KQ,074600,Wonik QnC Corporation,원익QnC,기술,Wonik QnC Corporation manufactures and sells quartz and ceramic wares used in the production of semiconductor wafers in,38800.0,39000.0,37400.0,37850.0,38700.0,37850.0,-2.2,0.26,-2.45,4.12,0.52,1.16,Bearish,61.6,39000.0,16190.0,-2.9,0.69,,,,,,,,1806.8838,1485.6811,321.2028,Positive,37.31,0.732,Strong Uptrend,5,32580.0,16.18,False,27316.0,38.56,False,23409.0,61.69,False,0,65.0,62.6,50,63.99,47.0,59.45
122870.KQ,122870,YG Entertainment Inc.,와이지엔터테인먼트,엔터테인먼트,"K-팝 기획사, BLACKPINK·BIGBANG·TREASURE",55900.0,56400.0,54000.0,54000.0,55000.0,54000.0,-1.82,1.64,-3.4,4.29,0.89,0.0,Strong Bearish,45.6,107400.0,49900.0,-49.7,1.18,,,,,,,,-874.6345,-1491.2454,616.6109,Positive,14.54,0.629,Strong Downtrend,0,61288.0,-11.89,False,63681.0,-15.2,False,77305.0,-30.15,False,0,0.0,67.6,50,7.82,54.5,33.52
476060.KQ,476060,Onconic Therapeutics,온코닉테라퓨틱스,헬스케어,"Onconic Therapeutics Inc. engages in the research and development of anti-cancer therapy in South Korea. It develops Zastaprazan (OCN-101), a potassium-competit",0.0,21250.0,21250.0,21250.0,21900.0,21250.0,-2.97,-100.0,,,,,Flat,45.8,26300.0,5025.0,-19.2,0.0,,,,,,,,61.2197,198.4068,-137.1872,Bearish,24.49,0.375,Uptrend,4,21347.0,-0.45,True,19753.0,7.58,False,14268.0,48.93,False,1,74.67,60.0,50,34.74,52.75,57.89
126340.KQ,126340,"VINA TECH Co.,Ltd.",비나텍,전기장비,비나텍 (KOSDAQ150),178300.0,180400.0,169300.0,175600.0,183400.0,175600.0,-4.25,-2.78,-1.51,6.23,1.18,3.53,Bearish,69.0,183400.0,23271.0,-4.3,1.6,,,,,,,,10677.2291,5048.6754,5628.5537,Bullish,68.07,1.034,Strong Uptrend,5,124823.0,40.68,False,98160.0,78.89,False,67371.0,160.65,False,0,65.0,55.0,50,50.25,58.5,56.64
372320.KQ,372320,Curocell,큐로셀,헬스케어,"Curocell Inc., a cell gene therapy development company, engages in the development and manufacturing of pharmaceuticals. It provides research and development se",64000.0,64000.0,54500.0,58100.0,65000.0,58100.0,-10.62,-1.54,-9.22,14.84,0.0,5.62,Bearish,51.0,65000.0,26000.0,-10.6,4.02,,,,,,,,2831.6306,2797.2329,34.3976,Positive,31.08,0.489,Strong Uptrend,5,52957.0,9.71,False,48977.0,18.63,False,41989.0,38.37,False,0,68.0,72.6,50,34.74,64.25,60.19
094170.KQ,094170,"Dongwoon Anatech Co., Ltd.",동운아나텍,기술,"Dongwoon Anatech Co., Ltd. manufactures and sells analog semiconductors in South Korea, China, Taiwan, Japan, and internationally. The company offers ICs for im",51200.0,52400.0,47950.0,51400.0,47500.0,51400.0,8.21,7.79,0.39,8.69,1.95,6.35,Long Lower Doji,82.9,51400.0,16280.0,0.0,1.83,,,,,,,,5213.619,3933.6269,1279.9921,Bullish,90.62,0.905,Strong Uptrend,5,31977.0,60.74,False,29456.0,74.5,False,23826.0,115.73,False,0,65.0,66.6,50,63.99,69.25,62.67
365340.KQ,365340,"SungEel HiTech Co., Ltd.",성일하이텍,산업재,"SungEel HiTech Co., Ltd. operates as a recycling company in South Korea. The company enages in the lithium secondary battery recycling business. It serves recyc",83300.0,85500.0,81000.0,82200.0,84500.0,82200.0,-2.72,-1.42,-1.32,5.4,2.64,1.44,Bearish Rejection,69.2,84500.0,30250.0,-2.7,0.99,,,,,,,,5744.3212,5094.9769,649.3442,Positive,46.07,0.778,Strong Uptrend,5,64198.0,28.04,False,54672.0,50.35,False,45662.0,80.02,False,0,65.0,53.6,50,49.61,47.0,55.04
050890.KQ,050890,"SOLiD, Inc.",쏠리드,통신장비,쏠리드 (KOSDAQ150),0.0,17110.0,17110.0,17110.0,16070.0,17110.0,6.47,-100.0,,,,,Flat,59.3,18160.0,6050.0,-5.8,0.0,,,,,,,,867.3613,1095.5833,-228.2219,Improving,23.4,0.688,Strong Uptrend,5,12560.0,36.23,False,10119.0,69.09,False,8467.0,102.08,False,0,68.0,68.6,50,94.33,57.75,67.47
036810.KQ,036810,Fine Semitech Corp.,에프에스티,기술,Fine Semitech Corp. develops and supplies products to semiconductor and FPD industries in South Korea and internationally. It operates through Materials Divisio,43750.0,44000.0,42100.0,42500.0,43200.0,42500.0,-1.62,1.27,-2.86,4.34,0.57,0.91,Strong Bearish,50.7,49550.0,16214.0,-14.2,0.74,,,,,,,,1037.613,1056.3523,-18.7393,Bearish,26.09,0.53,Strong Uptrend,5,41370.0,2.73,False,36623.0,16.05,False,30154.0,40.94,False,0,75.0,54.0,50,63.99,57.25,61.32
006730.KQ,006730,"Seobu T&D Co., Ltd.",서부T&D,경기 소비재,"Seobu T&D Co., Ltd. engages in the tourist hotel business in South Korea. It is also involved in the new business, complex shopping mall business, hotel flex bu",0.0,14970.0,14970.0,14970.0,15850.0,14970.0,-5.55,-100.0,,,,,Flat,57.7,18580.0,5690.0,-19.4,0.0,,,,,,,,245.4396,-15.9962,261.4358,Positive,23.13,0.866,Neutral,3,14970.0,0.0,True,13644.0,9.72,False,11359.0,31.79,False,1,62.67,64.6,50,20.62,52.75,53.32
033100.KQ,033100,"Cheryong Electric Co.,Ltd.",제룡전기,산업재,"Cheryong Electric Co.,Ltd. manufactures and sells power electric equipment in South Korea. It offers transformers, such as amorphous, solid insulation distribut",0.0,70400.0,70400.0,70400.0,66100.0,70400.0,6.51,-100.0,,,,,Flat,80.7,70400.0,30200.0,0.0,0.0,,,,,,,,4243.191,2218.5618,2024.6291,Bullish,52.33,1.142,Strong Uptrend,5,51498.0,36.7,False,44354.0,58.72,False,40600.0,73.4,False,0,65.0,49.0,50,49.61,57.75,54.97
032190.KQ,032190,Daou Data Corp.,다우데이타,기술,"Daou Data Corp. provides IT and online/offline payment infrastructure services in South Korea and internationally. It offers KIWOOM pay VAN services, including",24050.0,24250.0,23000.0,23050.0,23950.0,23050.0,-3.76,0.42,-4.16,5.2,0.83,0.21,Strong Bearish,44.1,30600.0,11450.0,-24.7,1.32,,,,,,,,-36.7185,24.2714,-60.9899,Bearish,15.41,0.28,Uptrend,4,24809.0,-7.09,False,21884.0,5.33,False,19309.0,19.37,False,0,56.0,63.0,50,63.99,56.75,57.82
241710.KQ,241710,"Cosmecca Korea Co., Ltd.",코스메카코리아,필수 소비재,"Cosmecca Korea Co., Ltd. engages in the research and development, manufacture, and sale of skincare products in South Korea and internationally. It offers skinc",83800.0,84000.0,80400.0,81000.0,84300.0,81000.0,-3.91,-0.59,-3.34,4.3,0.24,0.72,Strong Bearish,46.9,103000.0,40800.0,-21.4,1.28,,,,,,,,1354.8697,1459.3215,-104.4519,Bearish,21.29,0.439,Uptrend,4,83505.0,-3.0,False,77613.0,4.36,False,69578.0,16.42,False,0,63.0,63.0,50,44.48,56.75,57.0
009520.KQ,009520,"POSCO M-TECH Co., Ltd.",포스코엠텍,철강,포스코엠텍 (KOSDAQ150),21050.0,21050.0,19860.0,19920.0,21150.0,19920.0,-5.82,-0.47,-5.37,5.65,0.0,0.29,Strong Bearish,55.0,21450.0,10460.0,-7.1,1.02,,,,,,,,698.4336,531.9807,166.4529,Positive,25.03,0.651,Strong Uptrend,5,18800.0,5.96,False,17609.0,13.12,False,15339.0,29.87,False,0,68.0,67.6,50,39.26,51.0,58.29
033500.KQ,033500,"Dongsung FineTec Co., Ltd.",동성화인텍,화학,동성화인텍 (KOSDAQ150),29100.0,29450.0,28800.0,29000.0,29250.0,29000.0,-0.85,-0.51,-0.34,2.23,1.2,0.69,Bearish Rejection,59.0,34050.0,21650.0,-14.8,0.6,,,,,,,,960.5797,661.1825,299.3972,Positive,25.34,0.741,Strong Downtrend,1,27176.0,6.71,False,27297.0,6.24,False,27649.0,4.89,False,0,27.0,65.6,50,26.05,57.25,44.13
399720.KQ,399720,"Gaonchips Co., Ltd.",가온칩스,기술,"Gaonchips Co., Ltd. designs and manufactures semiconductors. The company offers SoC solutions, turnkey solutions, IP solutions, and MPW services. Gaonchips Co.,",73500.0,73700.0,70200.0,70400.0,71700.0,70400.0,-1.81,2.51,-4.22,4.76,0.27,0.27,Strong Bearish,55.7,79900.0,38700.0,-11.9,1.09,,,,,,,,2681.6353,1695.5038,986.1315,Positive,33.84,0.707,Strong Uptrend,5,65180.0,8.01,False,59233.0,18.85,False,52876.0,33.14,False,0,68.0,67.6,50,63.99,61.25,63.02
389470.KQ,389470,인벤티지랩,인벤티지랩,Unknown,인벤티지랩 (KOSDAQ),64600.0,64600.0,60400.0,61500.0,64100.0,61500.0,-4.06,0.78,-4.8,6.5,0.0,1.7,Strong Bearish,42.9,99500.0,20800.0,-38.2,0.64,,,,,,,,-2778.8151,-3595.3901,816.575,Positive,10.84,0.404,Downtrend,2,73673.0,-16.52,False,74947.0,-17.94,False,57558.0,6.85,False,0,24.0,64.6,50,70.01,46.0,48.45
046890.KQ,046890,"Seoul Semiconductor Co., Ltd.",서울반도체,기술,"Seoul Semiconductor Co., Ltd. manufactures and sells light emitting diodes (LEDs) products worldwide. The company offers high and mid power products; low power",16000.0,17440.0,15120.0,16510.0,14320.0,16510.0,15.29,11.73,3.19,14.5,5.81,5.5,Bullish,78.9,16510.0,5830.0,0.0,7.94,,,,,,,,1272.4095,722.9946,549.4148,Bullish,69.6,1.134,Strong Uptrend,5,9977.0,65.48,False,8157.0,102.4,False,7450.0,121.61,False,0,65.0,58.4,50,63.99,70.0,60.7
102710.KQ,102710,"ENF Technology Co., Ltd.",이엔에프테크놀로지,반도체 장비,이엔에프테크놀로지 (KOSDAQ150),60700.0,60700.0,57100.0,57900.0,60300.0,57900.0,-3.98,0.66,-4.61,5.93,0.0,1.32,Strong Bearish,54.8,62700.0,24800.0,-7.7,0.84,,,,,,,,2227.3669,1437.2338,790.1331,Positive,43.18,0.661,Uptrend,4,55375.0,4.56,False,51243.0,12.99,False,46082.0,25.65,False,0,63.0,67.6,50,57.57,47.0,59.14
053610.KQ,053610,"Protec Co., Ltd.",프로텍,기술,"Protec Co., Ltd. manufactures and sells semiconductor packaging equipment and automated pneumatic parts in South Korea. The company provides dispensers, precisi",81800.0,86900.0,81600.0,82200.0,81200.0,82200.0,1.23,0.74,0.49,6.48,5.75,0.24,Long Upper Doji,77.5,82200.0,21450.0,0.0,1.2,,,,,,,,6729.9841,5117.0076,1612.9765,Positive,64.44,0.879,Strong Uptrend,5,58902.0,39.55,False,46945.0,75.1,False,37136.0,121.35,False,0,65.0,56.2,50,63.99,59.25,59.07
199800.KQ,199800,ToolGen Incorporated,툴젠,헬스케어,"ToolGen Incorporated, a biotechnology company, focuses on the development of genome editing technology in South Korea. The company develops clustered regularly",87800.0,87800.0,82800.0,83500.0,89100.0,83500.0,-6.29,-1.46,-4.9,5.69,0.0,0.8,Strong Bearish,55.6,99900.0,27000.0,-16.4,0.79,,,,,,,,9223.4897,9773.2515,-549.7618,Bearish,82.87,0.56,Strong Uptrend,5,60908.0,37.09,False,59950.0,39.28,False,48129.0,73.49,False,0,68.0,54.0,50,34.74,52.75,54.39
083450.KQ,083450,GST,GST,반도체 장비,GST (KOSDAQ150),50300.0,52300.0,48250.0,48500.0,49600.0,48500.0,-2.22,1.41,-3.58,8.05,3.98,0.5,Bearish Rejection,75.3,49600.0,17000.0,-2.2,0.73,,,,,,,,4892.384,4095.8452,796.5388,Positive,80.44,0.796,Strong Uptrend,5,32418.0,49.61,False,29732.0,63.12,False,25165.0,92.73,False,0,65.0,50.6,50,57.57,47.0,55.49
356860.KQ,356860,티엘비,티엘비,Unknown,티엘비 (KOSDAQ),85000.0,88100.0,83900.0,87500.0,84900.0,87500.0,3.06,0.12,2.94,4.94,0.71,1.29,Bullish,63.0,87500.0,17110.0,0.0,0.76,,,,,,,,4298.3104,3945.0841,353.2263,Bullish,31.0,0.865,Strong Uptrend,5,68246.0,28.21,False,65275.0,34.05,False,49305.0,77.47,False,0,65.0,68.4,50,70.01,64.25,63.53
252990.KQ,252990,샘씨엔에스,샘씨엔에스,Unknown,샘씨엔에스 (KOSDAQ),0.0,14260.0,14260.0,14260.0,14000.0,14260.0,1.86,-100.0,,,,,Flat,74.7,14260.0,4325.0,0.0,0.0,,,,,,,,1114.6244,860.4874,254.137,Positive,67.62,0.819,Strong Uptrend,5,10926.0,30.51,False,9043.0,57.69,False,7212.0,97.73,False,0,65.0,49.6,50,70.01,55.25,57.93
